heightwholenum,framemat,framefunc,widthWholeNum,lift,itemset,locationtype,leadmechanic,TotalInstallationTime,LongCarry
18,VINYL,TOP SH,31,67,VINYL BEADS,9,228,30,NULL
55,alum,FIXED,27,21,wrap around rubber,1,211,30,NULL
34,ALUMINUM,FLUSH GLAZE,73,51,PUSH RUBBER,2,6,25,NULL
25,ALUMINUM,FLUSH GLAZE,66,9,PUSH RUBBER,2,6,40,NULL
58,ALUMINUM,FLUSH GLAZE,50,25,,2,6,25,NULL
82,alum,FIXED,58,12,SNAP BEADS,2,211,130,NULL
21,ALUMINUM,CURTAINWALL,61,6,PRESSURE PLATE,2,118,40,NULL
33,,BOTTOM SASH,25,9,SNAP BEADS,9,211,15,NULL
54,ALUMINUM,FLUSH GLAZE,50,41,PUSH RUBBER,2,6,45,NULL
50,VINYL,BOW WINDOW SASH,16,25,SNAP BEADS,1,62,35,NULL
23,VINYL,FIXED,44,3,SNAP BEADS,1,90,45,NULL
18,VINYL,BOTTOM SASH,34,37,SNAP BEADS,9,90,45,NULL
50,VINYL,FIXED,50,32,VINYL BEADS,9,228,40,NULL
31,alum,HOPPER WINDOW,32,25,SNAP BEADS,0,90,70,NULL
93,ALUMINUM,FLUSH GLAZE,37,2,flush glaze,2,228,25,NULL
19,VINYL,FIXED,51,60,SNAP BEADS,9,90,65,NULL
60,VINYL,SASH,19,24,SNAP BAEADS,1,228,50,NULL
44,VINYL,FIXED,47,42,SNAP BEADS,1,228,40,NULL
105,,,46,35,SCREW BEADS,2,6,75,NULL
43,VINYL,SLIDER,33,38,VINYL BEADS,9,11,25,NULL
53,ALUMINUM,,39,55,SNAP BEADS,12,228,30,NULL
54,VINYL,WINDOW,30,25,SNAP BEADS,1,62,35,NULL
43,,SLIDER,20,43,SNAP BEADS,9,118,30,NULL
51,,FIXED,62,27,VINYL BEADS,1,6,100,NULL
41,VINYL,SLIDER,20,38,SNAP BEADS,9,118,30,NULL
54,alum,FIXED,56,41,SNAP BEADS,2,211,70,NULL
26,ALUMINUM,CURTAINWALL,36,12,PRESSURE PLATE,5,62,80,NULL
37,ALUMINUM,FLUSH GLAZE,33,96,flush glaze,2,6,30,NULL
90,ALUMINUM,FLUSH GLAZE,40,30,,9,6,40,NULL
14,alum,FIXED,62,17,SNAP BEADS,9,62,395,NULL
46,,,33,10,,1,6,60,NULL
62,alum,SLIDER,50,31,SNAP BEADS,10,90,45,NULL
21,wood,,18,24,putty,2,228,170,NULL
41,alum,FIXED,33,35,VINYL BEADS,9,62,45,NULL
28,ALUMINUM,FLUSH GLAZE,32,36,flush glaze,2,118,25,NULL
59,,FINTUBE,68,19,SCREW BEADS,2,211,65,NULL
48,ALUM,FIXED,32,11,SNAP BEADS,9,90,70,NULL
26,ALUMINUM,FIXED,28,90,SNAP BEADS,1,6,50,NULL
43,VINYL,FIXED,26,39,VINYL BEADS,9,62,25,NULL
104,ALUMINUM,FLUSH GLAZE,10,5,PUSH RUBBER,5,228,25,NULL
43,alum,FIXED,13,52,SCREW BEADS,2,62,35,NULL
74,alum,,23,12,SCREW BEADS,5,62,80,NULL
73,,FIXED,27,48,VINYL BEADS,1,118,55,NULL
53,VINYL,SLIDER,20,28,SNAP BEADS,9,90,10,NULL
58,450,,64,38,wrap around rubber,2,211,45,NULL
40,,FIXED,26,40,SNAP BEADS,9,11,5,NULL
17,ALUMINUM,,103,7,SNAP BEADS,5,6,30,NULL
59,,SNAP SASH,108,48,SNAP BEADS,2,211,60,NULL
49,VINYL,FIXED,18,38,SNAP BEADS,9,11,70,NULL
73,VINYL,FIXED,45,22,SNAP BEADS,1,62,100,NULL
37,,,31,114,SCREW BEADS,2,6,35,NULL
41,VINYL,FIXED,32,38,SNAP BEADS,9,62,40,NULL
90,,SASH RAIL,61,15,,2,118,90,NULL
56,ALUMINUM,FLUSH GLAZE,48,48,flush glaze,2,211,35,NULL
44,,SASH,43,56,SNAP BEADS,1,62,90,NULL
55,VINYL,SLIDER,27,30,SNAP BEADS,0,90,15,NULL
40,wood,SIDELITE,23,51,,9,6,25,NULL
44,ALUMINUM,FLUSH GLAZE,44,46,flush glaze,2,6,15,NULL
42,ALUMINUM,FLUSH GLAZE,102,58,,5,6,100,NULL
27,,TOP SH,30,60,SNAP BEADS,9,62,80,NULL
27,VINYL,BOTTOM SASH,30,32,SNAP BEADS,9,62,30,NULL
18,alum,BOTTOM SASH,34,21,SNAP BEADS,9,118,45,NULL
59,,SASH RAIL,48,13,,2,228,100,NULL
20,STEEL,,23,108,putty,2,118,100,NULL
38,wood,BOTTOM DH,18,22,WOOD BEADS,9,11,15,NULL
49,,,36,48,WRAP AROUND RUBBER,5,11,60,NULL
38,wood,BOTTOM DH,28,32,putty,2,211,35,NULL
62,,SASH RAIL,130,40,,2,6,75,NULL
18,ALUMINUM,FLUSH GLAZE,43,3,flush glaze,2,11,35,NULL
42,,FIXED,24,33,SNAP BEADS,9,11,25,NULL
118,ALUMINUM,CURTAINWALL,58,22,PRESSURE PLATE,2,6,80,NULL
60,alum,SLIDER,24,36,VINYL BEADS,9,228,30,NULL
48,alum,SLIDER,32,14,VINYL BEADS,9,228,25,NULL
60,ALUMINUM,FLUSH GLAZE,70,36,,2,6,40,NULL
87,ALUMINUM,FLUSH GLAZE,65,19,PUSH RUBBER,0,6,25,NULL
27,,,33,78,SNAP BEADS,5,118,70,NULL
92,ALUMINUM,,46,1,SNAP BEADS,2,211,35,NULL
46,,WINDOW,15,45,SNAP BEADS,1,62,30,NULL
38,VINYL,SLIDER,33,48,SNAP BEADS,9,62,80,NULL
55,,STORM PANEL,21,28,WRAP AROUND FRAME,9,118,45,NULL
20,ANDERSEN,,30,24,WOOD BEADS,1,62,95,NULL
27,VINYL,FIXED,20,4,SNAP BEADS,9,62,20,NULL
61,,,61,36,SNAP BEADS,2,228,65,NULL
0,ALUMINUM,FLUSH GLAZE,0,36,PUSH RUBBER,2,6,50,NULL
49,ALUMINUM,FIXED,58,35,SNAP BEADS,2,6,35,NULL
50,,BOTTOM DH,54,72,putty,1,228,95,NULL
21,VINYL,TOP SASH,24,60,SNAP BEADS,1,62,40,NULL
25,WOOD,SIDELITE,71,11,WOOD BEADS,9,62,65,NULL
71,ALUMINUM,FLUSH GLAZE,34,24,,13,11,20,NULL
52,METAL,WINDOW,43,36,SNAP BEADS,1,118,105,NULL
18,wood,WINDOW,12,37,putty,1,228,30,NULL
28,,UPPER SH,27,216,SNAP BEADS,1,11,50,NULL
92,ALUMINUM,FLUSH GLAZE,63,120,flush glaze,2,6,125,NULL
33,VINYL,BOTTOM SASH,31,9,SNAP BEADS,9,62,40,NULL
47,VINYL,FIXED,48,34,SNAP BEADS,1,211,45,NULL
44,SLUMINUM,SLIDER,27,40,Wrap Around Rubber,2,137,30,NULL
16,ANDERSEN,,30,78,WOOD BEADS,1,228,40,NULL
0,,,0,24,SNAP BEADS,2,6,100,NULL
87,,,42,23,SCREW BEADS,2,90,95,NULL
76,ALUMINUM,CURTAINWALL,42,7,PRESSURE PLATE,2,228,25,NULL
59,STEEL,,62,34,SCREW BEADS,0,6,45,NULL
30,wood,TOP DH,21,30,WOOD BEADS,1,11,40,NULL
53,alum,FIXED,42,25,SCREW BEADS,9,11,70,NULL
24,VINYL,BOTTOM SASH,30,32,SNAP BEADS,9,62,30,NULL
22,,SIDELITE,25,13,SCREW BEADS,9,118,35,NULL
74,,FINTUBE,61,35,SCREW BEADS,2,90,125,NULL
18,STEEL,FIXED,40,40,Putty,13,118,60,NULL
48,alum,FIXED,56,32,SNAP BEADS,2,62,25,NULL
80,,SNAP SASH,67,4,,2,90,70,NULL
42,wood,FIXED,46,42,putty,1,228,40,NULL
48,VINYL,FIXED,42,25,VINYL BEADS,1,228,75,NULL
50,STEEL,,40,34,SCREW BEADS,9,228,30,NULL
83,ALUMINUM,SIDELITE,25,2,SNAP BEADS,9,62,35,NULL
34,VINYL,TOP SH,33,57,SNAP BEADS,1,62,45,NULL
33,,BOTTOM SH,27,28,VINYL BEADS,9,11,20,NULL
63,,,27,108,SCREW BEADS,5,211,120,NULL
60,ALUMINUM,FLUSH GLAZE,20,16,flush glaze,2,6,60,NULL
16,alum,,52,120,putty,2,132,70,NULL
61,ALUMINUM,FLUSH GLAZE,79,26,flush glaze,2,132,35,NULL
38,VINYL,SLIDER,13,44,SNAP BEADS,9,228,35,NULL
55,ALUMINUM,FLUSH GLAZE,37,28,flush glaze,2,90,30,NULL
19,VINYL,FIXED,20,53,SNAP BEADS,9,118,65,NULL
29,alum,FIXED,31,53,SNAP BEADS,5,90,25,NULL
18,VINYL,AWNING SASH,41,13,SNAP BEADS,9,11,50,1
61,,SEAMLESS MULLION,60,32,SNAP BEADS,2,6,115,NULL
28,ALUMINUM,BOTTOM SASH,19,24,WRAP AROUND FRAME,6,62,65,NULL
27,ALUMINUM,BOTTOM SASH,30,24,Wrap Around Rubber,6,62,25,NULL
48,,FIXED,32,40,WRAP AROUND FRAME,9,6,75,NULL
16,VINYL,BOTTOM SASH,26,50,SNAP BEADS,1,228,25,NULL
67,wood,,33,30,WOOD BEADS,2,118,85,NULL
74,,FINTUBE,33,11,PUTTY,2,11,115,NULL
76,,LUG SASH,57,24,,1,6,95,NULL
39,,,36,24,SCREW BEADS,2,62,10,NULL
34,ALUMINUM,SASH,42,50,SNAP BEADS,2,62,45,NULL
68,ALUMINUM,FLUSH GLAZE,40,15,flush glaze,2,90,25,NULL
36,ALUMINUM,FIXED,15,36,,9,62,15,NULL
27,,TOP SH,32,52,VINYL BEADS,0,6,45,NULL
29,alum,TOP SH,31,66,SNAP BEADS,1,6,45,NULL
90,,,38,60,putty,2,6,175,NULL
55,VINYL,SLIDER,26,24,SNAP BEADS,11,11,75,NULL
57,alum,WINDOW,39,35,VINYL BEADS,7,62,95,NULL
70,,SNAP SASH,21,13,SNAP BEADS,2,118,40,NULL
44,,FIXED,20,40,VINYL BEADS,9,211,15,NULL
50,,WINDOW,20,60,putty,6,228,90,NULL
75,451,,31,27,SNAP BEADS,2,6,20,NULL
53,,FIXED,30,38,VINYL BEADS,9,228,60,NULL
30,,,31,204,VINYL BEADS,1,62,45,NULL
18,wood,FIXED,16,52,putty,1,118,45,NULL
37,,TOP DH,21,30,WRAP AROUND FRAME,1,62,60,NULL
27,wood,WINDOW,48,36,putty,1,211,120,NULL
78,ALUMINUM,FLUSH GLAZE,58,27,flush glaze,2,90,50,NULL
44,alum,SLIDER,33,37,wrap around rubber,9,118,40,NULL
63,ALUMINUM,,70,2,SNAP BEADS,9,6,45,NULL
103,,,58,60,,2,62,200,NULL
42,VINYL,FIXED,20,38,SNAP BEADS,9,6,45,NULL
42,ALUMINUM,FLUSH GLAZE,54,3,flush glaze,2,90,40,NULL
27,,FIXED,32,54,SNAP BEADS,1,90,55,NULL
49,VINYL,FIXED,55,35,SNAP BEADS,1,62,35,NULL
79,alum,FIXED,30,30,,6,90,210,1
69,,,46,36,SNAP BEADS,2,90,30,NULL
39,ALUMINUM,SASH,27,46,SNAP BEADS,9,228,55,NULL
9,VINYL,TRANSOM,25,96,SNAP BEADS,1,90,50,NULL
68,ALUMINUM,FLUSH GLAZE,60,48,flush glaze,2,211,45,NULL
49,STEEL,,23,35,SCREW BEADS,5,118,65,NULL
99,ALUMINUM,,55,20,SNAP BEADS,2,211,75,NULL
75,ALUMINUM,CURTAINWALL,65,32,PRESSURE PLATE,2,6,40,NULL
91,,FINTUBE,61,20,Wrap Around Rubber,2,6,40,NULL
39,,,14,47,SCREW BEADS,2,228,40,NULL
57,ALUMINUM,FIXED,21,36,SNAP BEADS,6,62,105,NULL
56,ALUMINUM,FIXED,31,33,SNAP BEADS,9,62,410,NULL
99,,,77,20,,2,6,90,NULL
90,ALUMINUM,,54,15,SNAP BEADS,2,211,30,NULL
59,alum,FIXED,29,44,SNAP BEADS,5,11,180,NULL
31,,SLIDER,27,39,WRAP AROUND FRAME,2,90,30,NULL
33,,BOTTOM SH,31,9,SNAP BEADS,9,11,55,NULL
18,,,44,56,putty,0,118,70,NULL
42,wood,FLUSH GLAZE,58,40,flush glaze,2,90,50,NULL
39,,FIXED,21,40,VINYL BEADS,9,228,40,NULL
95,ALUMINUM,FLUSH GLAZE,45,2,PUSH RUBBER,2,11,35,NULL
79,Wood,FIXED,32,12,WOOD BEADS,1,6,60,NULL
53,ALUMINUM,FIXED,42,27,SNAP BEADS,9,90,30,NULL
18,,,48,96,SNAP BEADS,0,211,35,NULL
27,VINYL,FIXED,31,60,SNAP BEADS,9,11,70,NULL
10,,,52,60,SCREW BEADS,2,118,65,NULL
42,,,45,54,STEEL BEADS,12,228,135,NULL
32,,,29,55,Putty,2,62,150,NULL
42,VINYL,SLIDER,33,36,SNAP BEADS,0,62,45,NULL
43,VINYL,FIXED,44,39,SNAP BEADS,9,62,40,NULL
73,,FINTUBE,79,19,SCREW BEADS,2,6,170,1
33,,SIDELITE,24,4,SCREW BEADS,9,211,40,NULL
41,alum,FIXED,52,36,SNAP BEADS,9,228,40,NULL
57,,,37,24,SCREW BEADS,1,6,40,NULL
66,ALUMINUM,FLUSH GLAZE,26,26,flush glaze,2,211,20,NULL
48,ANDERSEN,,20,36,wrap around rubber,1,11,130,NULL
20,,,36,28,VINYL BEADS,2,90,25,NULL
63,wood,,59,53,WOOD BEADS,0,118,95,NULL
23,,,24,60,VINYL BEADS,1,211,35,NULL
83,ALUMINUM,FLUSH GLAZE,74,22,flush glaze,2,6,125,NULL
11,,,49,72,SNAP BEADS,9,137,65,NULL
81,ALUMINUM,FLUSH GLAZE,55,2,flush glaze,2,90,40,NULL
70,,SLIDER,44,23,WRAP AROUND FRAME,2,90,80,NULL
76,Wood,FIXED,46,23,,2,211,120,NULL
98,,SASH,46,12,,2,6,90,NULL
47,VINYL,BAY WINDOW,54,32,WRAP AROUND FRAME,1,6,75,NULL
56,,FIXED,22,32,SNAP BEADS,9,118,60,NULL
53,alum,SLIDER,20,26,wrap around rubber,1,62,20,NULL
28,VINYL,SLIDER,19,53,SNAP BEADS,1,62,25,NULL
53,,FIXED,20,26,SNAP BEADS,1,62,20,NULL
53,alum,SLIDER,20,26,wrap around rubber,1,62,25,NULL
53,alum,SLIDER,20,26,SNAP BEADS,1,62,25,NULL
42,,FIXED,33,37,SNAP BEADS,9,62,45,NULL
33,ALUMINUM,FLUSH GLAZE,33,2,flush glaze,2,11,35,NULL
56,,FIXED,24,28,VINYL BEADS,9,6,65,NULL
27,,BOTTOM SH,31,21,SNAP BEADS,9,137,120,NULL
15,VINYL,FIXED,19,22,SNAP BEADS,1,211,15,NULL
51,,,45,36,VINYL BEADS,1,90,20,NULL
66,wood,,35,36,,2,211,125,NULL
0,,,0,64,,1,11,30,NULL
76,wood,FIXED,30,18,WOOD BEADS,1,90,85,NULL
20,,BOTTOM SH,41,48,SNAP BEADS,1,118,45,NULL
34,ALUMINUM,CURTAIN WALL,68,42,,5,62,95,NULL
68,alum,FIXED,26,31,putty,5,118,145,NULL
94,,,76,24,SCREW BEADS,2,228,240,NULL
60,ALUMINUM,FIXED,28,33,VINYL BEADS,1,118,50,NULL
32,Wood,TOP SH,20,66,Putty,9,228,100,NULL
83,,FIXED,32,9,SNAP BEADS,1,6,150,NULL
56,,,40,54,,2,228,55,NULL
35,ALUMINUM,FLUSH GLAZE,79,36,flush glaze,2,211,40,NULL
58,ALUMINUM,FLUSH GLAZE,88,36,flush glaze,2,228,25,NULL
47,ALUMINUM,FLUSH GLAZE,46,20,PUSH RUBBER,0,138,20,NULL
57,ANDERSEN,,72,26,WOOD BEADS,1,211,105,NULL
60,,,27,40,SNAP BEADS,6,62,240,NULL
59,,,60,26,,2,90,95,NULL
10,,,26,84,VINYL BEADS,1,228,50,NULL
48,,,34,35,PUSH RUBBER,1,228,30,NULL
33,,,31,43,,9,62,25,NULL
40,VINYL,FIXED,14,45,SNAP BEADS,9,118,25,NULL
94,,,43,28,WOOD BEADS,2,211,140,NULL
35,ALUMINUM,FIXED,49,57,SNAP BEADS,5,6,40,NULL
76,WOOD,FIXED,34,120,WOOD BEADS,1,211,110,NULL
22,,,18,72,VINYL BEADS,1,90,35,NULL
22,,,22,55,WOOD BEADS,1,118,100,NULL
72,,,58,34,WOOD BEADS,2,6,60,NULL
78,SASH RAIL,,36,30,,2,211,90,NULL
73,ALUMINUM,FLUSH GLAZE,43,45,,2,211,20,NULL
55,ALUMINUM,,44,41,SNAP BEADS,2,6,20,NULL
75,ALUMINUM,FLUSH GLAZE,44,19,PUSH RUBBER,2,211,35,NULL
71,,SIDELITE,14,7,WOOD BEADS,1,118,65,NULL
70,,,54,36,WOOD BEADS,2,6,50,NULL
44,,FIXED,32,40,WRAP AROUND FRAME,1,90,40,NULL
42,VINYL,SLIDER,33,39,SNAP BEADS,9,90,30,NULL
23,,BOTTOM SH,32,34,SNAP BEADS,9,90,10,NULL
23,,BOTTOM SH,32,31,,9,90,30,NULL
42,VINYL,FIXED,32,39,SNAP BEADS,9,90,25,NULL
53,,FIXED,45,28,VINYL BEADS,2,90,40,NULL
59,,FIXED,44,34,VINYL BEADS,9,118,95,NULL
19,WOOD,FIXED,40,3,,1,211,50,NULL
18,,,41,84,,5,228,90,NULL
75,ALUMINUM,FLUSH GLAZE,44,19,PUSH RUBBER,2,211,35,NULL
18,,,30,40,VINYL BEADS,9,118,40,NULL
26,,,26,60,VINYL BEADS,1,90,45,NULL
42,,FIXED,15,40,VINYL BEADS,9,90,55,NULL
78,METAL,SIDELITE,20,2,SCREW BEADS,9,90,65,NULL
28,VINYL,FIXED,19,52,SNAP BEADS,9,90,60,NULL
79,,,40,4,SCREW BEADS,2,118,30,NULL
59,,,50,36,SCREW BEADS,5,6,85,NULL
5,,,61,84,SNAP BEADS,1,211,40,NULL
35,,FIXED,21,36,SNAP BEADS,2,90,60,NULL
44,,,44,48,VINYL BEADS,2,132,40,NULL
26,,,27,60,WRAP AROUND FRAME,1,211,50,NULL
32,,,24,204,PUTTY,2,118,75,NULL
43,,FIXED,21,40,VINYL BEADS,9,118,40,NULL
14,,,12,64,PUTTY,9,228,40,NULL
11,,,26,48,,9,137,45,NULL
29,VINYL,FIXED,14,52,VINYL BEADS,9,62,30,NULL
70,,FIXED,48,24,WRAP AROUND FRAME,10,211,75,NULL
59,ALUMINUM,FLUSH GLAZE,47,36,NO BEADS,2,62,120,NULL
20,STEEL,,16,10,PUTTY,2,62,60,NULL
54,ALUMINUM,FIXED,27,26,WRAP AROUND RUBBER,9,90,55,NULL
73,,SIDELITE,49,6,SCREW BEADS,9,211,50,NULL
75,,SIDELITE,50,6,SCREW BEADS,9,211,70,NULL
0,ANDERSEN,,0,19,,1,6,30,NULL
54,,SLIDER,24,36,VINYL BEADS,9,211,60,NULL
94,STEEL,,20,1,SCREW BEADS,5,6,65,NULL
27,,,31,24,VINYL BEADS,1,90,40,NULL
41,VINYL,FIXED,32,38,VINYL BEADS,9,6,50,NULL
29,,,20,60,WRAP AROUND FRAME,1,118,20,NULL
30,,,30,36,PUTTY,1,211,70,NULL
39,VINYL,FIXED,26,41,SNAP BEADS,9,211,35,NULL
21,,,32,26,VINYL BEADS,2,6,25,NULL
67,,,38,28,WOOD BEADS,2,6,60,NULL
41,VINYL,SLIDER,20,39,SNAP BEADS,9,118,65,NULL
53,ALUMINUM,FLUSH GLAZE,46,39,,2,228,20,NULL
42,ALUMINUM,CURTAIN WALL,55,42,,5,6,40,NULL
47,,,42,43,VINYL BEADS,9,62,25,NULL
46,,,42,43,SNAP BEADS,9,62,20,NULL
68,ALUMINUM,FLUSH GLAZE,92,41,,2,211,30,NULL
21,,,26,30,VINYL BEADS,9,6,30,NULL
92,ALUMINUM,FLUSH GLAZE,54,15,,2,90,45,NULL
82,,,48,23,SCREW BEADS,2,6,50,NULL
106,,SIDELITE,48,8,SCREW BEADS,9,90,55,NULL
94,,,50,24,,2,90,55,NULL
27,,BOTTOM SH,31,25,SNAP BEADS,1,6,35,NULL
83,,,46,24,SCREW BEADS,2,62,65,NULL
34,,SLIDER,36,56,,9,6,45,NULL
20,,,27,72,VINYL BEADS,9,137,40,NULL
22,,,30,36,VINYL BEADS,9,6,25,NULL
26,,,31,24,VINYL BEADS,9,6,25,NULL
33,,,31,60,,9,6,55,NULL
39,,FIXED,45,40,VINYL BEADS,9,228,35,NULL
52,VINYL,SLIDER,32,15,VINYL BEADS,1,118,40,NULL
60,,SLIDER,31,21,,9,132,75,NULL
29,,FIXED,26,49,VINYL BEADS,9,90,20,NULL
52,,SLIDER,48,28,WRAP AROUND FRAME,10,228,80,NULL
27,,FIXED,31,36,SNAP BEADS,9,228,55,NULL
51,ALUMINUM,FLUSH GLAZE,18,38,,2,118,15,NULL
34,,,24,56,PUTTY,5,118,75,NULL
33,,,25,33,WRAP AROUND FRAME,9,228,30,NULL
25,,BOTTOM SH,31,33,SNAP BEADS,11,118,60,NULL
0,,,0,40,,4,228,50,NULL
40,,SIDELITE,23,52,WOOD BEADS,9,228,20,NULL
59,,,44,24,SNAP BEADS,10,211,45,1
23,STEEL,SIDELITE,17,2,SCREW BEADS,9,6,65,NULL
44,ANDERSEN,CASEMENT SASH,20,18,VINYL BEADS,2,211,40,NULL
59,,FIXED,29,21,SNAP BEADS,9,228,85,NULL
53,,,45,36,SNAP BEADS,2,90,80,NULL
37,,BOTTOM SH,50,37,SNAP BEADS,2,118,90,NULL
55,,,45,38,SCREW BEADS,6,6,70,NULL
50,ALUMINUM,FLUSH GLAZE,38,32,PUSH RUBBER,2,211,60,NULL
91,STEEL,,20,2,SCREW BEADS,11,90,45,NULL
22,ALUMINUM,,39,11,SNAP BEADS,2,118,25,NULL
69,,,54,31,SNAP BEADS,4,6,55,NULL
61,,,30,40,SCREW BEADS,2,62,55,NULL
10,WOOD,FIXED,7,44,PUTTY,1,62,30,NULL
65,ALUMINUM,CURTAINWALL,23,32,PRESSURE PLATE,2,90,50,NULL
13,,BOTTOM SH,27,48,SNAP BEADS,1,228,20,NULL
40,VINYL,FIXED,20,19,SNAP BEADS,9,228,55,NULL
32,ALUMINUM,CURTAINWALL,65,98,PRESSURE PLATE,2,90,60,NULL
47,,,43,28,VINYL BEADS,9,62,30,NULL
26,,FIXED,68,68,SNAP BEADS,9,118,75,NULL
35,,,38,7,VINYL BEADS,9,228,35,NULL
42,VINYL,SLIDER,21,38,SNAP BEADS,9,62,40,NULL
42,VINYL,SLIDER,33,39,SNAP BEADS,9,62,35,NULL
79,,SIDELITE,49,4,SNAP BEADS,2,228,45,NULL
110,ALUMINUM,FLUSH GLAZE,30,43,,2,211,55,NULL
68,,SASH RAIL,41,18,,2,118,65,NULL
47,,,38,240,PUTTY,2,118,130,NULL
16,,,23,69,PUTTY,13,11,45,NULL
43,ALUMINUM,FIXED,42,32,VINYL BEADS,9,118,55,NULL
56,ANDERSEN,FIXED,55,84,,1,211,85,NULL
31,,,46,46,,9,118,40,NULL
18,,,12,51,,2,228,30,NULL
32,,BOTTOM SH,31,27,WRAP AROUND RUBBER,9,228,65,NULL
103,SASH RAIL,SIDELITE,46,27,,7,211,60,NULL
92,ALUMINUM,CURTAIN WALL,49,26,,2,211,85,NULL
82,ALUMINUM,SIDELITE,51,1,SNAP BEADS,6,228,40,NULL
58,ALUMINUM,FLUSH GLAZE,50,25,,2,90,25,NULL
27,,,16,36,SNAP BEADS,5,90,60,NULL
22,,,30,34,VINYL BEADS,0,211,25,NULL
18,,,29,60,VINYL BEADS,9,211,20,NULL
56,,SLIDER,22,21,WRAP AROUND RUBBER,9,90,30,NULL
148,,,82,4,,10,6,165,NULL
82,,FINTUBE SIDELITE,21,2,SCREW BEADS,2,118,90,NULL
74,,,44,29,WOOD BEADS,2,118,90,NULL
18,,,42,216,PUTTY,13,228,60,NULL
36,,,48,216,SCREW BEADS,2,6,85,NULL
41,VINYL,SLIDER,21,35,SNAP BEADS,9,62,40,NULL
40,,BOTTOM SH,34,36,WRAP AROUND RUBBER,2,6,20,NULL
39,,FIXED,31,40,WRAP AROUND FRAME,9,62,15,NULL
47,,,63,36,,12,90,145,NULL
32,ALUMINUM,FIXED,28,8,VINYL BEADS,9,118,30,NULL
44,ALUMINUM,SLIDER,28,108,SNAP BEADS,9,118,35,NULL
32,ALUMINUM,FIXED,28,8,VINYL BEADS,9,118,45,NULL
52,,FIXED,25,40,WRAP AROUND FRAME,9,6,75,NULL
71,,,53,39,PUSH RUBBER,2,211,95,NULL
54,,SLIDER,28,25,SNAP BEADS,9,211,35,NULL
54,ALUMINUM,FLUSH GLAZE,39,36,,2,118,25,NULL
82,ALUMINUM,FLUSH GLAZE,20,6,,9,6,10,NULL
15,,,20,40,PUTTY,1,211,35,NULL
49,,,22,72,,9,228,95,NULL
74,SASH RAIL,,58,30,,2,6,75,NULL
30,ALUMINUM,,78,2,PUSH RUBBER,10,211,90,NULL
33,,,31,27,VINYL BEADS,9,118,65,NULL
26,,,42,60,SNAP BEADS,12,228,75,NULL
26,,,42,60,SNAP BEADS,12,228,70,NULL
19,ALUMINUM,FLUSH GLAZE,51,84,,2,228,15,NULL
116,ALUMINUM,FLUSH GLAZE,40,10,,2,6,30,NULL
16,STEEL SASH,,22,68,PUTTY,2,228,35,NULL
26,,BOTTOM SH,36,72,VINYL BEADS,5,137,55,NULL
59,ALUMINUM,FIXED,23,27,SNAP BEADS,5,6,50,NULL
30,,,22,96,PUTTY,1,228,35,NULL
106,ALUMINUM,FLUSH GLAZE,41,10,,2,211,55,NULL
24,ANDERSEN,,33,36,,1,118,45,NULL
59,ALUMINUM,FLUSH GLAZE,55,36,,6,6,15,NULL
102,ALUMINUM,CURTAINWALL,68,18,PRESSURE PLATE,2,90,85,NULL
43,VINYL,FIXED,16,36,SNAP BEADS,1,118,40,NULL
16,ALUMINUM,FLUSH GLAZE,16,36,,2,228,15,NULL
57,ALUMINUM,FIXED,67,34,SNAP BEADS,5,211,105,NULL
63,ALUMINUM,FLUSH GLAZE,33,33,,1,118,35,NULL
42,,,38,51,ZIPPER WALL,12,90,155,NULL
43,VINYL,SLIDER,27,35,SNAP BEADS,1,118,35,NULL
12,,,35,84,WOOD BEADS,9,118,55,NULL
68,WOOD,FIXED,68,12,WOOD BEADS,1,228,115,NULL
42,,SLIDER,33,40,VINYL BEADS,9,228,40,NULL
40,,SIDELITE,23,8,WOOD BEADS,9,6,30,NULL
54,,FIXED,48,68,PUTTY,1,6,45,NULL
61,WOOD,FIXED,27,17,WOOD BEADS,1,118,60,NULL
60,ALUMINUM,FIXED,50,19,SNAP BEADS,1,6,105,NULL
67,,,44,36,,2,211,30,NULL
30,ALUMINUM,FLUSH GLAZE,61,84,,2,6,35,NULL
56,ANDERSEN,,55,124,SNAP BEADS,0,6,115,NULL
69,SASH RAIL,,106,32,,1,211,90,NULL
28,VINYL,FIXED,20,44,SNAP BEADS,9,62,35,NULL
45,,FIXED,32,36,VINYL BEADS,9,211,30,NULL
42,VINYL,FIXED,46,46,VINYL BEADS,9,211,35,NULL
22,,,18,240,WOOD BEADS,5,211,65,NULL
75,ALUMINUM,PATIO SLIDER,45,168,WRAP AROUND RUBBER,9,228,45,NULL
57,ALUMINUM,FIXED,41,36,SNAP BEADS,5,118,70,NULL
31,VINYL,FIXED,25,50,VINYL BEADS,9,228,40,NULL
34,ALUMINUM,FLUSH GLAZE,61,10,,12,90,30,NULL
37,,,13,240,PUTTY,2,118,45,NULL
23,,FIXED,56,108,PUSH RUBBER,2,90,205,NULL
43,,FIXED,27,40,VINYL BEADS,9,62,50,NULL
43,,FIXED,27,32,VINYL BEADS,10,228,30,NULL
52,,FIXED,47,39,SNAP BEADS,9,62,60,NULL
27,,,19,60,VINYL BEADS,1,6,30,NULL
33,,BOTTOM SH,25,9,SNAP BEADS,9,62,40,NULL
66,,,54,32,,6,211,140,1
54,,FIXED,21,25,VINYL BEADS,9,6,35,NULL
48,WOOD,FIXED,72,40,PUTTY,1,211,265,NULL
33,,,32,28,VINYL BEADS,9,118,30,NULL
39,,FIXED,37,54,VINYL BEADS,9,211,50,NULL
94,,,39,24,,2,6,75,NULL
48,,SLIDER,21,24,VINYL BEADS,9,118,70,NULL
68,ALUMINUM,FLUSH GLAZE,68,44,,0,6,30,NULL
81,STEEL,,25,2,SNAP BEADS,6,62,75,NULL
25,,,11,72,WOOD BEADS,1,118,75,NULL
45,ALUMINUM,FLUSH GLAZE,46,48,,2,118,65,NULL
27,,TOP SH,32,66,VINYL BEADS,9,118,65,NULL
22,,TOP SH,21,216,VINYL BEADS,1,228,25,NULL
82,WOOD,SIDELITE,9,2,WOOD BEADS,9,62,20,NULL
90,,,45,30,SCREW BEADS,2,118,80,NULL
32,VINYL,FIXED,27,48,VINYL BEADS,9,62,30,NULL
26,VINYL,FIXED,43,6,SNAP BEADS,11,118,60,NULL
51,,FIXED,61,36,WRAP AROUND RUBBER,1,62,75,NULL
55,,,23,30,,2,6,65,NULL
73,ALUMINUM,,44,25,SNAP BEADS,2,90,45,NULL
102,,SNAP SASH,51,18,,2,90,65,NULL
43,,,43,36,,2,211,75,NULL
77,,,53,78,,9,211,45,NULL
65,,FIXED,82,78,,2,90,95,NULL
29,,,32,30,WRAP AROUND RUBBER,9,11,35,NULL
24,,BOTTOM DH,23,30,VINYL BEADS,9,62,50,NULL
77,ALUMINUM,FLUSH GLAZE,58,31,PUSH RUBBER,2,6,25,NULL
55,,SLIDER,17,30,WRAP AROUND RUBBER,2,118,20,NULL
76,ALUMINUM,FLUSH GLAZE,66,30,PUSH RUBBER,2,228,50,NULL
29,,TOP SH,25,60,VINYL BEADS,9,211,20,NULL
24,,TOP SH,37,30,VINYL BEADS,9,6,35,NULL
30,WOOD,FIXED,52,108,PUTTY,1,228,60,NULL
28,VINYL,FIXED,20,48,VINYL BEADS,9,118,40,NULL
29,,FIXED,14,60,VINYL BEADS,2,118,35,NULL
46,,,42,34,VINYL BEADS,9,62,15,NULL
56,ALUMINUM,FLUSH GLAZE,20,34,,9,211,15,NULL
15,,TOP DH,28,30,WRAP AROUND FRAME,9,62,45,NULL
57,SASH RAIL,,103,40,,2,6,70,NULL
81,ALUMINUM,FIXED,35,4,SNAP BEADS,12,6,70,NULL
29,VINYL,FIXED,32,50,SNAP BEADS,9,11,30,NULL
29,VINYL,FIXED,32,50,SNAP BEADS,9,11,45,NULL
12,Wood,Transom,61,84,Wood Beads,1,67,75,NULL
54,VINYL,FIXED,41,27,SNAP BEADS,1,67,75,NULL
51,,,46,28,SCREW BEADS,5,6,40,NULL
28,,BOTTOM SH,27,38,WRAP AROUND RUBBER,5,211,30,NULL
87,ALUMINUM,CURTAINWALL,58,12,PRESSURE PLATE,2,6,50,NULL
55,Aluminum,SLIDER,23,21,Wrap Around Rubber,1,211,25,NULL
33,ALUMINUM,,50,98,SNAP BEADS,2,6,30,NULL
41,VINYL,FIXED,46,36,VINYL BEADS,9,6,35,NULL
69,ALUMINUM,CURTAINWALL,55,24,PRESSURE PLATE,9,6,60,NULL
39,,SIDELITE,25,40,,9,90,15,NULL
70,ALUMINUM,CURTAINWALL,40,54,Pressure Plate,2,62,60,NULL
44,ALUMINUM,FIXED,28,18,SNAP BEADS,6,118,45,NULL
72,,Flush Glaze,70,24,,2,6,40,NULL
43,Vinyl,Slider,14,36,Snap Beads,9,11,30,NULL
34,,FIXED,21,40,VINYL BEADS,9,228,30,NULL
67,ALUMINUM,SIDELITE,32,16,SCREW BEADS,12,74,35,NULL
32,ALUMINUM,CURTAINWALL,35,13,PRESSURE PLATE,4,118,95,NULL
36,ANDERSEN,CASEMENT SASH,24,180,SNAP BEADS,1,228,70,NULL
33,Vinyl,Bottom of DH,30,156,Snap Beads,1,228,70,NULL
50,ALUMINUM,FIXED,46,36,SNAP BEADS,2,118,50,NULL
91,ALUMINUM,CURTAIN WALL,71,120,,5,228,80,NULL
57,ALUMINUM,FLUSH GLAZE,20,34,,9,6,15,NULL
19,VINYL,FIXED,33,52,SNAP BEADS,9,11,65,NULL
60,,SLIDER,20,29,WRAP AROUND RUBBER,1,90,40,NULL
37,ALUMINUM,FIXED,15,44,VINYL BEADS,5,118,15,NULL
18,,,30,84,SNAP BEADS,12,11,90,NULL
39,Clear Alum,Fixed,14,4,Aluminum Beads,12,228,200,NULL
67,ALUMINUM,FLUSH GLAZE,54,42,PUSH RUBBER,2,6,30,NULL
20,,BOTTOM SH,20,46,SNAP BEADS,1,118,25,NULL
49,,FIXED,21,36,VINYL BEADS,12,118,40,NULL
27,,,30,60,VINYL BEADS,9,118,35,NULL
22,,SIDELITE,25,12,SCREW BEADS,9,6,30,NULL
39,,,32,60,WRAP AROUND RUBBER,9,211,25,NULL
33,,,32,60,VINYL BEADS,9,118,55,NULL
52,ALUMINUM,FLUSH GLAZE,37,48,,2,211,20,NULL
33,,,32,53,SNAP BEADS,9,62,30,NULL
65,Aluminum,Stat Window,49,37,Putty,5,6,135,NULL
35,,,33,60,WRAP AROUND FRAME,9,118,50,NULL
12,VINYL,AWNING SASH,36,18,SNAP BEADS,2,11,55,NULL
16,VINYL,FIXED,24,72,VINYL BEADS,1,6,40,NULL
31,ALUMINUM,FLUSH GLAZE,52,84,,2,90,35,NULL
51,ALUMINUM,CURTAINWALL,56,36,PRESSURE PLATE,12,90,105,NULL
65,,Flush Glaze,56,24,,10,6,25,NULL
45,,SLIDER,32,40,WRAP AROUND FRAME,0,118,25,NULL
22,Vinyl,,30,36,Snap Beads,9,62,25,NULL
19,,,51,40,WRAP AROUND FRAME,9,62,85,NULL
90,ALUMINUM,FLUSH GLAZE,62,8,,10,211,30,NULL
18,STEEL SASH,,24,58,,2,62,35,NULL
25,,,40,58,VINYL BEADS,9,228,50,NULL
54,ALUMINUM,CURTAINWALL,54,32,PRESSURE PLATE,2,90,100,NULL
32,,BOTTOM DH,32,180,PUTTY,1,62,85,NULL
77,,,142,24,,2,6,145,NULL
44,,,47,39,,2,6,35,NULL
37,Metal,451,42,60,,2,62,60,NULL
44,,SLIDER,22,34,WRAP AROUND RUBBER,1,11,30,NULL
53,VINYL,FIXED,14,28,VINYL BEADS,9,269,15,NULL
45,ALUMINUM,FLUSH GLAZE,37,36,PUSH RUBBER,6,62,65,NULL
76,,,70,33,SCREW BEADS,5,6,60,NULL
86,,,37,96,,5,6,140,NULL
48,ALUMINUM,,38,36,SNAP BEADS,2,211,45,NULL
25,,,40,34,WRAP AROUND RUBBER,2,228,25,NULL
36,ALUMINUM,FIXED,27,34,WRAP AROUND RUBBER,9,228,60,NULL
37,,FIXED,32,42,SNAP BEADS,9,62,35,NULL
67,ALUMINUM,CURTAINWALL,50,144,PRESSURE PLATE,2,211,110,NULL
30,,,31,24,VINYL BEADS,9,62,10,NULL
30,,,29,50,WRAP AROUND FRAME,1,228,45,NULL
68,,,62,54,WOOD BEADS,1,6,35,1
29,VINYL,FIXED,21,36,SNAP BEADS,9,11,60,NULL
41,ALUMINUM,FIXED,24,34,WRAP AROUND RUBBER,5,269,55,NULL
44,ALUMINUM,FIXED,46,40,SNAP BEADS,2,118,210,NULL
57,ALUMINUM,SIDELITE,37,32,SNAP BEADS,9,118,20,NULL
23,,BOTTOM SH,26,30,WRAP AROUND FRAME,9,6,35,NULL
60,Vinyl,Stat Window,47,12,Wrap Around Frame,1,6,60,NULL
9,WOOD,FIXED,26,144,WOOD BEADS,5,228,55,NULL
43,,,25,41,SNAP BEADS,9,11,55,NULL
22,,,35,88,SNAP BEADS,2,118,25,NULL
50,VINYL,FIXED,21,24,VINYL BEADS,9,228,20,NULL
35,,,23,47,SNAP BEADS,1,11,35,NULL
56,,FIXED,41,38,,9,118,65,NULL
27,,,25,66,VINYL BEADS,9,11,30,NULL
68,ALUMINUM,FLUSH GLAZE,69,36,,2,211,25,NULL
49,VINYL,FIXED,14,30,VINYL BEADS,9,11,35,NULL
33,,,27,64,SNAP BEADS,9,11,30,NULL
15,VINYL,FIXED,19,21,VINYL BEADS,9,62,30,NULL
56,ALUMINUM,FIXED,18,30,SCREW BEADS,6,74,135,NULL
39,VINYL,,26,37,SNAP BEADS,9,11,50,NULL
41,VINYL,SLIDER,14,32,SNAP BEADS,9,62,40,NULL
43,VINYL,SLIDER,20,37,SNAP BEADS,9,11,30,NULL
49,VINYL,FIXED,14,30,VINYL BEADS,9,11,30,NULL
99,ALUMINUM,,50,60,SNAP BEADS,6,6,85,NULL
76,ALUMINUM,FLUSH GLAZE,51,16,,2,118,50,NULL
20,,SLIDER,17,84,WRAP AROUND RUBBER,1,211,25,NULL
0,ANDERSEN,,0,120,NO BEADS,1,228,60,NULL
28,,SASH RAIL,46,144,,4,11,105,NULL
47,VINYL,FIXED,43,30,,0,118,30,NULL
73,,,43,17,SCREW BEADS,2,6,45,NULL
12,ALUMINUM,FLUSH GLAZE,84,96,,9,6,30,NULL
41,,FIXED,52,38,SNAP BEADS,9,228,95,NULL
40,VINYL,FIXED,31,39,SNAP BEADS,9,11,50,NULL
17,STEEL,,41,120,PUTTY,5,211,55,NULL
45,,SLIDER,32,34,WRAP AROUND FRAME,9,118,20,NULL
62,,FIXED,38,37,SNAP BEADS,9,228,70,NULL
79,,,42,42,SCREW BEADS,2,118,50,NULL
18,WOOD,FIXED,34,70,,2,118,40,NULL
105,ALUMINUM,FLUSH GLAZE,45,120,,2,90,70,NULL
83,WOOD,FIXED,71,8,WOOD BEADS,1,211,115,NULL
53,ALUMINUM,FLUSH GLAZE,96,39,,2,228,40,NULL
83,ALUMINUM,,56,12,SNAP BEADS,2,6,60,NULL
68,ALUMINUM,,20,7,SNAP BEADS,2,62,45,NULL
42,ALUMINUM,FLUSH GLAZE,31,48,,2,11,60,NULL
70,ALUMINUM,FLUSH GLAZE,29,7,,2,118,25,NULL
42,VINYL,FIXED,20,37,SNAP BEADS,9,62,65,NULL
15,ALUMINUM,FLUSH GLAZE,33,88,,0,228,25,NULL
59,,FIXED,33,24,WRAP AROUND FRAME,10,62,35,NULL
57,,,36,45,WRAP AROUND FRAME,6,6,65,NULL
31,,,25,60,WRAP AROUND FRAME,1,6,55,NULL
40,WOOD,SIDELITE,23,2,,9,228,25,NULL
48,ALUMINUM,SLIDER,32,36,,9,228,30,NULL
0,ANDERSEN,BOTTOM SH,0,51,,1,211,35,NULL
57,ALUMINUM,FLUSH GLAZE,20,28,,9,228,25,NULL
65,ALUMINUM,FLUSH GLAZE,41,37,,4,6,95,NULL
28,STEEL SASH,,20,30,PUTTY,6,211,65,NULL
26,,,38,46,WRAP AROUND RUBBER,9,90,65,NULL
32,VINYL,BOTTOM SASH,29,12,SNAP BEADS,1,11,30,NULL
60,ALUMINUM,,48,13,,2,6,30,NULL
66,ALUMINUM,,56,34,SNAP BEADS,2,6,35,NULL
44,,Stat Window,44,48,Snap Beads,1,211,55,NULL
31,ALUMINUM,FLUSH GLAZE,35,35,PUSH RUBBER,2,211,15,NULL
73,ALUMINUM,FLUSH GLAZE,65,29,PUSH RUBBER,2,6,15,NULL
52,ALUMINUM,FLUSH GLAZE,21,32,,1,6,15,NULL
29,ALUMINUM,FLUSH GLAZE,11,8,,9,228,10,NULL
14,STEEL SASH,,20,48,PUTTY,2,62,40,NULL
31,,SLIDER,21,40,VINYL BEADS,9,62,25,NULL
31,,SLIDER,15,40,VINYL BEADS,9,62,20,NULL
62,,,59,32,SCREW BEADS,2,228,55,NULL
79,ALUMINUM,SIDELITE,34,43,SNAP BEADS,2,11,50,NULL
30,,,34,87,WOOD BEADS,1,228,25,NULL
48,,SLIDER,32,36,WRAP AROUND RUBBER,9,11,65,NULL
18,,,14,60,PUTTY,1,118,30,NULL
41,VINYL,FIXED,32,38,VINYL BEADS,9,228,40,NULL
22,,,30,60,VINYL BEADS,9,6,20,NULL
52,,FIXED,21,96,VINYL BEADS,9,211,35,NULL
85,,,30,5,SNAP BEADS,5,90,40,NULL
54,ALUMINUM,FIXED,20,29,SNAP BEADS,9,11,35,NULL
66,ALUMINUM,FIXED,31,43,SNAP BEADS,9,228,70,NULL
60,,,36,22,PUTTY,5,62,65,NULL
23,,TOP SH,23,30,VINYL BEADS,9,228,30,NULL
67,ALUMINUM,FLUSH GLAZE,45,28,,2,62,30,NULL
27,ALUMINUM,CURTAINWALL,39,4,PRESSURE PLATE,5,11,10,NULL
27,,,24,30,VINYL BEADS,9,118,20,NULL
23,,BOTTOM SH,25,30,VINYL BEADS,9,118,40,NULL
44,VINYL,WINDOW,32,144,SNAP BEADS,1,118,90,NULL
21,ALUMINUM,CURTAINWALL,49,28,PRESSURE PLATE,12,6,90,NULL
69,,FIXED,35,24,SNAP BEADS,10,228,65,NULL
52,ALUMINUM,FLUSH GLAZE,31,27,PUSH RUBBER,2,11,50,NULL
11,ALUMINUM,FIXED,26,82,SNAP BEADS,9,62,60,NULL
82,ALUMINUM,FLUSH GLAZE,24,10,,9,211,10,NULL
28,VINYL,FIXED,13,70,VINYL BEADS,9,62,30,NULL
27,,,27,60,VINYL BEADS,9,137,15,NULL
90,,,47,21,SCREW BEADS,2,211,55,NULL
49,ALUMINUM,FLUSH GLAZE,30,30,,2,211,15,NULL
80,ALUMINUM,FLUSH GLAZE,104,34,PUSH RUBBER,2,211,20,NULL
32,,,30,64,PUTTY,1,6,35,NULL
18,WOOD,FIXED,20,24,WOOD BEADS,1,62,40,NULL
44,,,50,36,,1,6,60,NULL
22,,SLIDER,24,60,WRAP AROUND FRAME,9,90,110,NULL
57,ALUMINUM,FIXED,67,36,SNAP BEADS,5,90,100,NULL
42,,FIXED,33,40,VINYL BEADS,9,118,40,NULL
86,,,81,20,WOOD BEADS,1,211,15,NULL
54,ALUMINUM,FIXED,15,24,WRAP AROUND RUBBER,9,211,30,NULL
48,,SLIDER,32,36,WRAP AROUND RUBBER,9,6,50,NULL
46,,,41,28,VINYL BEADS,9,62,45,NULL
47,,,43,28,VINYL BEADS,9,62,50,NULL
89,,,93,22,,2,6,60,NULL
82,,BOTTOM SH,47,22,,2,6,50,NULL
19,,,39,40,WRAP AROUND FRAME,9,90,30,NULL
50,WOOD,FIXED,87,31,WOOD BEADS,2,211,45,NULL
41,VINYL,FIXED,26,44,SNAP BEADS,9,62,40,NULL
17,,,30,93,WOOD BEADS,1,11,50,NULL
41,,,19,37,SNAP BEADS,1,6,65,NULL
51,,,65,30,SCREW BEADS,2,228,60,NULL
44,,,50,37,,1,6,130,NULL
10,,,41,9,,1,6,55,NULL
83,ALUMINUM,FIXED,32,10,SNAP BEADS,1,6,60,NULL
48,ALUMINUM,Flush Glaze,26,32,SNAP BEADS,9,6,40,NULL
21,,,30,64,SNAP BEADS,1,11,35,NULL
66,ALUMINUM,,56,34,SNAP BEADS,2,211,20,NULL
75,ALUMINUM,FLUSH GLAZE,29,24,,2,6,30,NULL
76,WOOD,FIXED,34,4,,1,228,80,NULL
21,,BOTTOM SH,30,34,WRAP AROUND FRAME,1,90,25,NULL
21,,SLIDER,20,60,WRAP AROUND FRAME,9,62,90,NULL
10,,,34,84,PUTTY,1,118,50,NULL
64,ALUMINUM,FLUSH GLAZE,25,34,,9,6,15,NULL
50,WOOD,FIXED,19,26,,2,228,70,NULL
49,,FIXED,33,40,WRAP AROUND FRAME,1,90,75,NULL
21,,,34,48,VINYL BEADS,2,6,30,NULL
27,,,32,53,SNAP BEADS,0,90,55,NULL
30,,,29,48,SNAP BEADS,11,62,65,NULL
70,ALUMINUM,FLUSH GLAZE,29,7,,2,62,30,NULL
33,,,31,61,SNAP BEADS,9,11,80,NULL
59,ALUMINUM,,62,32,SNAP BEADS,5,90,60,NULL
17,,,51,60,,12,90,85,NULL
99,ALUMINUM,,45,24,SNAP BEADS,2,90,65,NULL
22,,,33,40,WRAP AROUND FRAME,9,118,15,NULL
62,,FIXED,20,20,VINYL BEADS,9,90,40,NULL
27,,,31,32,VINYL BEADS,9,90,70,NULL
16,,,36,84,PUTTY,1,228,35,NULL
90,,,71,23,,2,211,140,NULL
94,,,72,24,,2,228,155,NULL
54,Vinyl,FIXED,22,38,VINYL BEADS,9,228,145,NULL
54,VINYL,FIXED,26,26,,9,118,40,NULL
57,ALUMINUM,FLUSH GLAZE,33,30,,9,211,20,NULL
55,ALUMINUM,FIXED,46,38,VINYL BEADS,2,118,40,NULL
27,,BOTTOM SH,33,25,VINYL BEADS,1,11,30,NULL
103,SASH RAIL,SIDELITE,83,27,,2,6,50,NULL
108,ALUMINUM,FLUSH GLAZE,48,8,PUSH RUBBER,9,211,30,NULL
74,ALUMINUM,FLUSH GLAZE,37,180,PUSH RUBBER,2,90,40,NULL
59,,FINTUBE,68,18,SCREW BEADS,2,118,65,NULL
46,,,19,43,SNAP BEADS,2,11,40,NULL
69,,SEAMLESS MULLION,58,17,SNAP BEADS,2,90,70,NULL
33,,,32,60,VINYL BEADS,9,90,40,NULL
36,,BOTTOM SH,29,7,VINYL BEADS,1,228,55,NULL
31,,BOTTOM SH,24,26,VINYL BEADS,9,228,65,NULL
25,WOOD,BOTTOM HALF,71,10,,9,11,80,NULL
13,VINYL,FIXED,66,10,VINYL BEADS,9,11,70,NULL
18,,,22,35,,9,132,30,NULL
31,,FIXED,39,32,,2,62,30,NULL
41,,,19,37,SNAP BEADS,1,6,60,NULL
99,,SNAP SASH,73,18,,2,6,40,NULL
82,ALUMINUM,FLUSH GLAZE,23,8,,9,211,10,NULL
24,ALUMINUM,FIXED,39,90,SNAP BEADS,5,118,35,NULL
10,,FIXED,21,9,SNAP BEADS,1,6,60,NULL
74,,SASH RAIL,92,16,,2,90,65,NULL
22,,BOTTOM SH,27,36,SNAP BEADS,9,11,30,NULL
54,,SLIDER,36,23,WRAP AROUND RUBBER,1,211,45,NULL
59,ALUMINUM,FIXED,44,35,SNAP BEADS,2,90,75,NULL
42,,Fixed,33,40,VINYL BEADS,2,228,40,NULL
41,,SLIDER,26,40,VINYL BEADS,9,211,30,NULL
100,WOOD,TRANSOM,38,108,WOOD BEADS,9,228,90,NULL
44,,,38,53,SNAP BEADS,2,62,45,NULL
52,,,59,36,WOOD BEADS,2,228,105,NULL
18,WOOD,FIXED,26,2,WOOD BEADS,9,132,70,NULL
41,VINYL,FIXED,20,34,SNAP BEADS,9,11,50,NULL
41,VINYL,FIXED,20,34,SNAP BEADS,9,11,35,NULL
30,ALUMINUM,CURTAINWALL,42,4,PRESSURE PLATE,2,11,100,NULL
100,WOOD,TRANSOM,38,108,WOOD BEADS,9,228,95,NULL
27,VINYL,BOTTOM SH,31,30,VINYL BEADS,9,211,30,NULL
19,,TOP DH,21,30,WRAP AROUND FRAME,9,211,30,NULL
29,WOOD,FIXED,73,67,WOOD BEADS,9,211,135,NULL
15,VINYL,FIXED,15,96,SNAP BEADS,1,211,50,NULL
78,,SASH RAIL,39,15,,5,62,120,NULL
59,VINYL,PICTURE WINDOW,59,30,WRAP AROUND FRAME,1,211,45,NULL
22,,TOP DH,20,42,WRAP AROUND FRAME,1,90,30,NULL
28,ALUMINUM,SLIDER,29,50,WRAP AROUND RUBBER,9,90,20,NULL
17,,LUG SASH,70,7,,0,62,40,NULL
48,ALUMIUM,SLIDER,24,36,WRAP AROUND RUBBER,9,211,35,NULL
23,VINYL,FIXED,23,12,SNAP BEADS,5,228,35,NULL
51,STEEL,,46,28,SCREW BEADS,13,211,50,NULL
13,,GARAGE DOOR,21,48,,1,118,20,NULL
70,WOOD,,59,34,WOOD BEADS,2,6,70,NULL
35,,,35,34,SCREW BEADS,5,62,45,NULL
16,,FIXED,16,60,VINYL BEADS,9,6,60,NULL
85,ALUMINUM,FIXED,47,32,SNAP BEADS,2,211,20,NULL
41,VINYL,FIXED,20,36,SNAP BEADS,9,62,50,NULL
76,ALUMINUM,FIXED,46,6,WRAP AROUND RUBBER,1,6,145,NULL
45,,FIXED,32,36,VINYL BEADS,9,228,15,NULL
22,,TOP DH,29,60,VINYL BEADS,9,228,30,NULL
24,,,38,57,SNAP BEADS,9,228,20,NULL
24,,BOTTOM SH,36,28,SNAP BEADS,9,228,5,NULL
63,ALUMINUM,FLUSH GLAZE,48,24,PUSH RUBBER,2,90,35,NULL
45,STEEL,SIDELITE,13,34,SCREW BEADS,2,118,55,NULL
44,ALUMINUM,FIXED,37,50,,4,211,35,NULL
51,ALUMINUM,,50,36,SNAP BEADS,5,6,15,NULL
41,VINYL,FIXED,43,38,VINYL BEADS,9,228,30,NULL
33,,,31,44,WRAP AROUND FRAME,9,62,45,NULL
38,VINYL,SLIDER,19,42,SNAP BEADS,12,11,45,NULL
57,VINYL,FIXED,29,39,SNAP BEADS,5,228,40,NULL
22,,,30,96,,5,211,40,NULL
36,WOOD,FIXED,94,38,WOOD BEADS,1,211,125,NULL
79,ALUMINUM,FIXED,22,23,SNAP BEADS,2,90,80,NULL
28,,,33,36,SNAP BEADS,5,90,35,NULL
36,,,25,48,WRAP AROUND RUBBER,9,62,60,NULL
25,,BOTTOM SH,32,42,WRAP AROUND RUBBER,12,11,65,NULL
92,ALUMINUM,,56,15,SNAP BEADS,0,90,40,NULL
20,ANDERSEN,,44,96,,9,11,110,NULL
43,ALUMINUM,FIXED,27,37,VINYL BEADS,9,118,70,NULL
26,ALUMINUM,,34,2,SNAP BEADS,5,62,30,NULL
46,VINYL,SLIDER,33,32,SNAP BEADS,9,228,20,NULL
43,ALUMINUM,FIXED,27,36,WRAP AROUND RUBBER,9,62,50,NULL
52,VINYL,SLIDER,20,25,SNAP BEADS,9,137,45,NULL
79,ALUMINUM,FIXED,49,39,SNAP BEADS,2,62,165,NULL
29,,,30,72,VINYL BEADS,1,137,40,NULL
33,VINYL,FIXED,39,39,SNAP BEADS,9,228,40,NULL
83,ALUMINUM,FIXED,44,20,SNAP BEADS,2,90,100,NULL
32,,,35,60,SNAP BEADS,11,6,30,NULL
54,PELLA,,24,37,,2,6,70,NULL
55,,FIXED,47,38,SNAP BEADS,6,6,100,NULL
102,ALUMINUM,FIXED,54,5,SNAP BEADS,2,6,180,NULL
118,,,60,74,,2,6,90,NULL
83,,,37,30,WOOD BEADS,2,211,90,NULL
49,,,20,24,SCREW BEADS,5,228,70,NULL
54,ALUMINUM,FIXED,49,46,SNAP BEADS,2,90,135,NULL
88,ALUMINUM,,40,26,SNAP BEADS,0,6,50,NULL
40,,BOTTOM SH,40,38,SNAP BEADS,9,62,130,1
120,SASH RAIL,,70,20,,2,90,180,NULL
24,WOOD,FIXED,24,156,WOOD BEADS,1,6,125,NULL
44,VINYL,FIXED,47,38,SNAP BEADS,1,228,40,NULL
82,ALUMINUM,FLUSH GLAZE,18,6,,0,228,15,NULL
109,,LUG SASH,69,10,,7,6,65,NULL
16,,FIXED,16,72,VINYL BEADS,9,6,30,NULL
43,,FIXED,27,28,VINYL BEADS,2,211,30,NULL
40,VINYL,SLIDER,20,36,SNAP BEADS,9,228,55,NULL
17,,,29,40,VINYL BEADS,9,62,40,NULL
59,ALUMINUM,FLUSH GLAZE,25,34,,5,211,50,NULL
40,,FINTUBE SIDELITE,53,2,SCREW BEADS,2,228,20,NULL
44,ALUMINUM,FLUSH GLAZE,44,40,,2,6,50,NULL
60,ALUMINUM,FLUSH GLAZE,22,24,,2,6,30,NULL
33,,,32,58,VINYL BEADS,1,6,30,NULL
71,ALUMINUM,FLUSH GLAZE,41,34,,2,90,50,NULL
34,,,28,72,VINYL BEADS,2,118,85,NULL
45,,,31,38,SNAP BEADS,6,228,125,NULL
46,,FIXED,30,36,VINYL BEADS,2,228,45,NULL
64,ALUMINUM,FIXED,57,38,SNAP BEADS,2,228,120,NULL
15,,BOTTOM SH,19,50,SNAP BEADS,1,6,20,NULL
47,,,43,30,VINYL BEADS,9,211,35,NULL
39,,,38,35,WOOD BEADS,11,90,135,NULL
24,ALUMINUM,FIXED,43,83,SNAP BEADS,5,90,65,NULL
27,VINYL,FIXED,44,50,WRAP AROUND FRAME,1,62,45,NULL
33,,TOP SH,32,60,VINYL BEADS,1,211,25,NULL
48,ALUMINUM,FIXED,36,48,SNAP BEADS,1,211,120,NULL
10,ALUMINUM,FIXED,16,96,SNAP BEADS,9,228,90,NULL
36,VINYL,SLIDER,21,45,WRAP AROUND FRAME,9,228,15,NULL
36,VINYL,SLIDER,34,45,WRAP AROUND FRAME,9,228,15,NULL
22,,,16,26,PUTTY,2,118,115,NULL
67,,,33,33,,2,211,90,NULL
19,,,29,30,VINYL BEADS,9,228,10,NULL
26,,BOTTOM SH,31,36,VINYL BEADS,9,6,45,NULL
43,,FIXED,34,36,WRAP AROUND FRAME,0,6,45,NULL
26,,,31,63,VINYL BEADS,6,90,60,NULL
74,STEEL,FIXED,31,11,SNAP BEADS,2,118,50,NULL
33,ALUMINUM,CURTAINWALL,29,9,PRESSURE PLATE,2,228,40,NULL
54,ALUMINUM,CURTAIN WALL,44,36,,5,118,80,NULL
30,VINYL,BOTTOM SASH,35,14,SNAP BEADS,9,62,30,NULL
70,,,24,24,VINYL BEADS,2,118,60,NULL
56,ALUMINUM,FLUSH GLAZE,52,39,PUSH RUBBER,2,118,40,NULL
101,ALUMINUM,,26,20,SNAP BEADS,5,228,30,NULL
82,ALUMINUM,,60,36,SNAP BEADS,5,6,75,NULL
36,,FIXED,43,36,SNAP BEADS,6,6,90,NULL
73,,,62,17,SCREW BEADS,2,211,75,NULL
40,,,26,38,,12,228,140,NULL
24,,FIXED,24,60,,9,6,40,NULL
84,ALUMINUM,FLUSH GLAZE,33,24,,2,228,65,NULL
87,,LUG SASH,73,12,,2,228,70,NULL
47,,,71,32,,2,118,70,1
81,ALUMINUM,FLUSH GLAZE,68,18,,2,6,40,NULL
77,,,63,36,SCREW BEADS,2,90,55,NULL
19,ALUMINUM,FIXED,76,12,SNAP BEADS,9,228,60,NULL
0,,,0,18,,5,6,150,NULL
54,VINYL,FIXED,32,40,SNAP BEADS,9,90,95,NULL
30,,BOTTOM SH,31,40,SNAP BEADS,1,228,10,NULL
33,ALUMINUM,FIXED,46,2,SNAP BEADS,2,90,60,NULL
19,VINYL,FIXED,15,57,SNAP BEADS,9,228,5,NULL
30,,SLIDER,15,53,VINYL BEADS,9,6,45,NULL
11,VINYL,FIXED,13,72,SNAP BEADS,1,228,45,NULL
42,VINYL,SLIDER,15,36,,9,139,55,NULL
28,,Flush Glaze,45,36,,2,211,55,NULL
44,ALUMINUM,CURTAINWALL,58,120,PRESSURE PLATE,2,6,80,NULL
67,Aluminum,FIXED,55,24,VINYL BEADS,1,6,55,NULL
14,,,27,72,VINYL BEADS,0,6,25,NULL
72,,FIXED,31,32,VINYL BEADS,1,90,110,NULL
101,ALUMINUM,,68,6,SNAP BEADS,2,211,75,NULL
10,VINYL,FIXED,12,4,SNAP BEADS,2,90,50,NULL
96,SASH RAIL,,79,21,,2,6,80,NULL
129,ALUMINUM,FLUSH GLAZE,28,45,,2,90,75,NULL
65,ALUMINUM,FIXED,27,29,WRAP AROUND RUBBER,9,62,70,1
32,,HOPPER,43,43,,12,228,135,NULL
48,,,75,34,WOOD BEADS,1,228,135,NULL
51,,,37,60,SCREW BEADS,2,211,130,NULL
24,,SLIDER,24,60,WRAP AROUND FRAME,9,139,40,NULL
59,,FIXED,19,23,WRAP AROUND RUBBER,1,90,70,NULL
57,ALUMINUM,FLUSH GLAZE,20,34,,9,139,40,NULL
70,,SLIDER,44,23,WRAP AROUND FRAME,10,228,65,NULL
52,ALUMINUM,FLUSH GLAZE,44,35,PUSH RUBBER,2,228,30,NULL
49,,,43,34,SCREW BEADS,12,6,145,NULL
92,ALUMINUM,FLUSH GLAZE,45,2,,2,90,75,NULL
59,ALUMINUM,CURTAINWALL,41,156,PRESSURE PLATE,5,211,160,NULL
42,VINYL,FIXED,36,40,SNAP BEADS,9,6,55,NULL
22,,,30,26,VINYL BEADS,0,90,90,NULL
48,,,20,72,VINYL BEADS,1,90,75,NULL
52,,SIDELITE,7,30,,1,228,80,NULL
60,ALUMINUM,FLUSH GLAZE,54,24,,2,211,60,NULL
32,VINYL,UPPPER DH,26,72,VINYL BEADS,9,228,55,NULL
22,STEEL,SASH,18,60,PUTTY,1,139,140,NULL
18,,FIXED,70,72,SNAP BEADS,9,90,85,NULL
16,ALUMINUM,BOTTOM SASH,19,40,WRAP AROUND RUBBER,1,228,40,NULL
30,ALUMINUM,CURTAINWALL,38,11,PRESSURE PLATE,13,6,50,NULL
77,ALUMINUM,CURTAINWALL,67,14,PRESSURE PLATE,2,6,90,NULL
49,,FIXED,98,34,WRAP AROUND FRAME,1,211,115,NULL
82,ALUMINUM,FLUSH GLAZE,20,4,,0,6,10,NULL
32,WOOD,TOP DH,32,144,PUTTY,1,90,85,NULL
0,ALUMINUM,FIXED,0,84,SNAP BEADS,11,6,40,NULL
16,WOOD,BOTTOM DH,12,52,PUTTY,1,62,55,NULL
17,WOOD,TRANSOM,29,84,WOOD BEADS,1,62,65,NULL
43,VINYL,FIXED,33,40,SNAP BEADS,9,228,40,NULL
43,VINYL,FIXED,44,39,SNAP BEADS,9,228,20,NULL
37,STEEK,,49,42,SCREW BEADS,2,6,100,NULL
42,VINYL,SLIDER,33,39,SNAP BEADS,9,228,95,NULL
21,VINYL,BOTTOM SH,24,40,VINYL BEADS,9,62,30,NULL
31,VINYL,TOP SH,24,60,VINYL BEADS,9,62,30,NULL
55,ALUMINUM,STORM PANEL,46,36,VINYL BEADS,9,211,90,NULL
44,VINYL,FIXED,47,68,WRAP AROUND FRAME,1,6,40,NULL
36,ALUMINUM,FLUSH GLAZE,38,53,,2,6,35,NULL
31,,BOTTOM DH,28,40,WRAP AROUND FRAME,10,62,45,NULL
23,ALUMINUM,CURTAINWALL,20,5,PRESSURE PLATE,2,62,100,NULL
68,ALUMINUM,FLUSH GLAZE,58,36,,2,6,50,NULL
62,METAL,,17,32,,1,228,75,NULL
32,VINYL,FIXED,25,51,VINYL BEADS,9,6,45,NULL
42,VINYL,FIXED,20,37,SNAP BEADS,9,228,25,NULL
64,ALUMINUM,FLUSH GLAZE,29,32,,2,211,15,NULL
23,ALUMINUM,FIXED,64,6,SCREW BEADS,2,6,50,NULL
15,ALUMINUM,FIXED,36,32,SNAP BEADS,5,139,265,NULL
96,WOOD,,50,24,WOOD BEADS,2,228,90,NULL
27,VINYL,UPPER SH,32,60,VINYL BEADS,9,228,20,NULL
24,ALUMINUM,FLUSH GLAZE,59,18,,9,228,20,NULL
58,METAL,,15,36,,2,6,75,NULL
34,ALUMINUM,FIXED,20,32,WRAP AROUND RUBBER,1,139,60,NULL
82,ALUMINUM,FLUSH GLAZE,23,5,,9,211,5,NULL
31,VINYL,TOP SASH,26,57,WRAP AROUND FRAME,1,62,45,NULL
48,ALUMINUM,FLUSH GLAZE,68,18,,11,6,35,NULL
17,WOOD,FIXED,43,8,WOOD BEADS,1,228,60,NULL
78,ALUMINUM,FLUSH GLAZE,55,32,,2,90,45,NULL
87,WOOD,,35,8,WOOD BEADS,2,228,75,NULL
31,VINYL,FIXED,15,40,VINYL BEADS,9,228,30,NULL
16,ALUMINUM,TOP SH,34,60,VINYL BEADS,1,139,135,NULL
82,ALUMINUM,FLUSH GLAZE,43,7,,2,228,35,NULL
32,,BOTTOM SH,22,27,WRAP AROUND FRAME,1,62,40,NULL
87,STEEL,,21,4,SCREW BEADS,2,228,60,NULL
24,ALUMINUM,SLIDER,24,60,WRAP AROUND FRAME,0,6,30,NULL
29,ALUMINUM,CURTAINWALL,25,5,PRESSURE PLATE,5,62,90,NULL
68,WOOD,WINDOW,84,33,WOOD BEADS,1,211,105,NULL
26,,,38,53,WRAP AROUND RUBBER,9,139,65,NULL
32,,,29,48,SNAP BEADS,2,211,30,NULL
53,ALUMINUM,SLIDER,22,24,SNAP BEADS,9,211,40,NULL
33,VINYL,FIXED,28,24,SNAP BEADS,9,6,50,NULL
97,,,22,24,SNAP BEADS,2,118,40,NULL
36,,SLIDER,27,48,WRAP AROUND RUBBER,9,211,25,NULL
18,VINYL,FIXED,29,84,SNAP BEADS,1,228,30,NULL
45,,SLIDER,32,34,WRAP AROUND FRAME,9,228,40,NULL
86,SASH RAIL,SIDELITE,31,21,,13,211,85,NULL
23,,FIXED,24,4,SNAP BEADS,1,228,40,NULL
33,,,31,26,VINYL BEADS,1,62,45,NULL
34,,,27,24,VINYL BEADS,9,118,40,NULL
105,ALUMINUM,FLUSH GLAZE,44,4,,5,211,40,NULL
9,,,64,84,VINYL BEADS,1,62,80,NULL
30,,SLIDER,9,42,VINYL BEADS,2,228,45,NULL
0,ALUMINUM,FLUSH GLAZE,0,60,,6,62,30,NULL
68,ALUMINUM,FLUSH GLAZE,52,28,,2,211,55,NULL
36,,,29,8,VINYL BEADS,1,62,45,NULL
82,ALUMINUM,FLUSH GLAZE,20,5,,9,62,45,NULL
27,VINYL,FIXED,47,3,SNAP BEADS,9,62,40,NULL
60,,,28,42,,0,62,95,NULL
56,ALUMINUM,FLUSH GLAZE,58,33,PUSH RUBBER,2,118,40,NULL
56,,FIXED,33,36,,2,228,65,NULL
60,,,57,39,,2,90,115,NULL
87,,,35,96,WOOD BEADS,2,211,40,NULL
72,,,52,24,,2,62,110,NULL
33,,,33,50,PUTTY,1,228,60,NULL
43,,FIXED,27,34,VINYL BEADS,10,228,50,NULL
62,ALUMINUM,FLUSH GLAZE,37,29,PUSH RUBBER,2,139,80,NULL
55,VINYL,FIXED,27,39,SNAP BEADS,9,6,45,NULL
55,VINYL,FIXED,33,31,SNAP BEADS,9,6,35,NULL
20,,,17,56,SNAP BEADS,1,6,25,NULL
20,Wood,Door,30,60,Putty Hack Glaze,1,139,25,NULL
0,WOOD,FIXED,26,144,WOOD BEADS,1,228,20,NULL
40,VINYL,FIXED,34,38,SNAP BEADS,1,139,125,NULL
67,ALUMINUM,FLUSH GLAZE,45,26,PUSH RUBBER,6,6,40,NULL
68,ALUMINUM,FLUSH GLAZE,33,30,,4,228,30,NULL
16,,,30,72,PUTTY,1,6,70,NULL
27,,,31,38,SNAP BEADS,9,118,45,NULL
43,VINYL,FIXED,46,38,SNAP BEADS,9,228,35,NULL
24,,,28,53,WRAP AROUND RUBBER,1,62,45,NULL
85,,,45,6,SCREW BEADS,12,6,55,NULL
30,,BOTTOM SH,30,20,SNAP BEADS,2,118,45,NULL
89,ALUMINUM,CURTAINWALL,78,5,PRESSURE PLATE,10,90,70,NULL
82,,,78,28,,2,118,100,NULL
51,,FIXED,31,34,VINYL BEADS,9,211,55,NULL
94,ALUMINUM,CURTAIN WALL,41,3,,7,90,50,NULL
62,ALUMINUM,FLUSH GLAZE,48,26,PUSH RUBBER,2,90,65,NULL
27,ALUMINUM,FLUSH GLAZE,46,52,,12,62,30,NULL
26,,BOTTOM SH,38,26,WRAP AROUND RUBBER,9,62,60,NULL
62,ALUMINUM,FLUSH GLAZE,44,16,,2,211,15,NULL
36,,TOP SH,25,45,WRAP AROUND FRAME,1,118,50,NULL
67,,,69,36,SNAP BEADS,2,211,125,NULL
64,,SLIDER,34,22,WRAP AROUND RUBBER,9,228,45,NULL
37,,SIDELITE,21,51,SCREW BEADS,9,62,40,NULL
59,,,18,26,VINYL BEADS,1,62,45,NULL
33,,SIDELITE,25,4,,9,228,25,NULL
28,,,23,40,VINYL BEADS,1,62,40,NULL
22,ALUMINUM,,53,13,SNAP BEADS,5,90,40,NULL
54,,FIXED,51,46,,1,118,75,NULL
41,,,26,40,VINYL BEADS,1,6,60,NULL
14,,,10,60,PUTTY,1,228,40,NULL
27,,BOTTOM SH,24,36,SNAP BEADS,9,62,60,NULL
21,,,26,60,VINYL BEADS,9,62,30,NULL
69,,,58,26,,12,62,80,NULL
82,SASH RAIL,,73,23,,2,228,135,NULL
63,ALUMINUM,FIXED,60,33,SCREW BEADS,6,211,130,NULL
43,ALUMINUM,FLUSH GLAZE,57,48,PUSH RUBBER,2,118,40,NULL
69,ALUMINUM,FIXED,46,26,SNAP BEADS,2,211,95,NULL
43,VINYL,FIXED,22,38,VINYL BEADS,1,228,55,NULL
67,ALUMINUM,FLUSH GLAZE,92,35,,2,90,40,NULL
116,ALUMINUM,FLUSH GLAZE,81,3,,2,6,120,NULL
33,,BOTTOM SH,25,26,SNAP BEADS,9,62,35,NULL
0,,,0,74,SNAP BEADS,6,118,60,NULL
40,,,31,4,SCREW BEADS,9,118,20,NULL
12,,,7,72,PUTTY,1,62,50,NULL
32,,BOTTOM SH,38,36,,1,6,55,NULL
27,,,34,25,VINYL BEADS,9,62,20,NULL
27,,,34,25,VINYL BEADS,0,62,25,NULL
27,,,34,25,VINYL BEADS,0,62,20,NULL
22,,,26,60,WRAP AROUND FRAME,9,62,25,NULL
26,,UPPER DH,35,108,WRAP AROUND FRAME,9,62,40,NULL
64,,SLIDER,42,22,WRAP AROUND RUBBER,1,90,80,NULL
32,,TOP SH,31,30,VINYL BEADS,1,6,50,NULL
39,VINYL,FIXED,15,30,VINYL BEADS,1,228,25,NULL
104,ALUMINUM,LUG SASH,60,19,,2,211,90,NULL
67,ANDERSEN,CASEMENT,20,12,VINYL BEADS,1,62,30,NULL
82,ALUMINUM,FLUSH GLAZE,21,5,,9,6,15,NULL
14,,BOTTOM SH,19,49,SNAP BEADS,1,6,25,NULL
54,ANDERSEN,SLIDER,26,19,VINYL BEADS,1,90,55,NULL
59,,,48,12,,2,6,60,NULL
27,,BOTTOM SH,43,46,SCREW BEADS,5,62,40,NULL
42,ALUMINUM,FLUSH GLAZE,55,4,,9,6,15,NULL
60,ALUMINUM,FIXED,24,27,SNAP BEADS,2,228,50,NULL
48,,SLIDER,24,32,WRAP AROUND RUBBER,9,228,40,NULL
48,,FIXED,11,34,VINYL BEADS,1,6,70,NULL
32,,,28,38,VINYL BEADS,1,137,45,NULL
24,,,23,60,WRAP AROUND FRAME,1,6,45,NULL
36,,,46,57,PUTTY,5,137,120,NULL
58,ALUMINUM,FLUSH GLAZE,44,64,PUSH RUBBER,2,6,50,NULL
23,ALUMINUM,FLUSH GLAZE,24,72,,2,118,20,NULL
33,,,25,4,WRAP AROUND FRAME,9,90,30,NULL
26,ALUMINUM,,35,2,SNAP BEADS,5,90,40,NULL
42,,FIXED,21,38,VINYL BEADS,9,228,15,NULL
42,VINYL,FIXED,46,40,VINYL BEADS,1,118,55,NULL
42,,,25,60,WOOD BEADS,1,6,65,NULL
46,ALUMINUM,FIXED,24,6,PUSH RUBBER,0,228,25,NULL
32,ALUMINUM,FIXED,19,48,WRAP AROUND RUBBER,2,118,60,NULL
88,,LUG SASH,41,15,,2,228,50,NULL
62,ALUMINUM,,58,22,SNAP BEADS,2,118,30,NULL
23,ALUMINUM,CURTAINWALL,35,59,PRESSURE PLATE,5,6,90,NULL
52,ALUMINUM,FLUSH GLAZE,36,35,,5,118,30,NULL
26,,,28,38,SNAP BEADS,5,228,75,NULL
61,VINYL,WINDOW,23,18,VINYL BEADS,11,211,95,NULL
63,,FIXED,56,40,SNAP BEADS,4,211,175,NULL
36,STEEL,FIXED,54,18,PUTTY,1,62,110,NULL
31,,FIXED,15,44,VINYL BEADS,0,228,30,NULL
57,,,65,26,WOOD BEADS,2,228,70,NULL
86,ALUMINUM,FLUSH GLAZE,62,22,PUSH RUBBER,2,211,40,NULL
14,ALUMINUM,FIXED,12,48,VINYL BEADS,11,62,25,NULL
83,ALUMINUM,FLUSH GLAZE,40,10,,2,90,20,NULL
56,,SLIDER,21,36,VINYL BEADS,0,228,50,NULL
22,,SIDELITE,25,38,SCREW BEADS,0,6,30,NULL
33,ALUMINUM,FLUSH GLAZE,39,30,,2,228,20,NULL
36,,SLIDER,27,48,,9,62,35,NULL
70,ALUMINUM,CURTAINWALL,29,33,PRESSURE PLATE,5,6,100,NULL
37,ALUMINUM,FIXED,34,60,,2,6,65,NULL
53,,FIXED,28,38,VINYL BEADS,9,62,130,NULL
82,ALUMINUM,FLUSH GLAZE,17,7,,0,6,15,NULL
33,,,31,44,WRAP AROUND FRAME,9,90,25,NULL
45,ALUMINUM,FLUSH GLAZE,28,24,,2,6,20,NULL
60,ALUMINUM,FIXED,57,28,SNAP BEADS,2,118,80,NULL
44,,FIXED,20,40,VINYL BEADS,9,137,65,NULL
22,,,33,64,VINYL BEADS,1,118,35,NULL
24,,,32,28,,1,118,50,NULL
55,ALUMINUM,CURTAINWALL,77,35,PRESSURE PLATE,12,228,100,NULL
45,,SLIDER,32,34,WRAP AROUND FRAME,9,228,15,NULL
42,,,16,84,PUTTY,1,211,105,NULL
56,,SLIDER,42,36,,9,211,90,NULL
24,,,50,96,,2,228,105,NULL
26,,,30,32,,5,137,60,NULL
16,,,32,84,Silicone,2,211,35,NULL
65,WOOD,FIXED,42,20,,1,118,140,NULL
65,,,60,28,,2,6,90,NULL
18,VINYL,SLIDER,22,60,SNAP BEADS,0,62,25,NULL
46,ALUMINUM,FLUSH GLAZE,34,37,PUSH RUBBER,0,90,20,NULL
53,STEEL,FIXED,29,120,PUSH RUBBER,5,211,80,NULL
0,,BOTTOM DH,0,45,,1,6,60,NULL
81,ALUMINUM,,41,48,SNAP BEADS,2,228,65,NULL
60,,SLIDER,32,28,WRAP AROUND RUBBER,9,6,65,NULL
89,ALUMINUM,FLUSH GLAZE,53,28,,2,90,45,NULL
77,WOOD,SIDELITE,9,2,WOOD BEADS,1,228,135,NULL
13,,,75,81,VINYL BEADS,1,118,80,NULL
42,,,28,60,WOOD BEADS,1,90,65,NULL
19,ALUMINUM,FIXED,22,204,PUSH RUBBER,9,118,60,NULL
33,,,19,44,WRAP AROUND FRAME,9,90,40,NULL
27,,,32,55,SNAP BEADS,1,90,55,NULL
26,,BOTTOM SH,31,27,WRAP AROUND RUBBER,1,90,30,NULL
48,ALUMINUM,CURTAINWALL,44,39,PRESSURE PLATE,2,211,110,NULL
48,ALUMINUM,FLUSH GLAZE,43,24,,9,118,85,NULL
75,,SIDELITE,50,4,SCREW BEADS,9,228,35,NULL
33,,SIDELITE,26,40,SCREW BEADS,0,6,30,NULL
48,ALUMINUM,CURTAINWALL,17,35,PRESSURE PLATE,2,211,35,NULL
47,,,70,38,,2,211,50,NULL
53,ALUMINUM,FLUSH GLAZE,83,36,,2,90,45,NULL
86,ALUMINUM,FLUSH GLAZE,55,38,,2,228,25,NULL
36,,BOTTOM SH,29,6,VINYL BEADS,1,118,70,NULL
57,ALUMINUM,FLUSH GLAZE,56,18,,2,211,115,NULL
51,,,46,28,SCREW BEADS,2,228,30,1
55,VINYL,FIXED,33,31,SNAP BEADS,9,90,50,NULL
19,,FIXED,10,60,VINYL BEADS,1,137,30,NULL
30,,,25,51,WRAP AROUND FRAME,1,228,35,NULL
47,,,44,36,PUTTY,2,90,130,NULL
14,,,34,40,VINYL BEADS,9,6,50,NULL
81,,SASH RAIL,44,12,,2,211,75,NULL
44,ALUMINUM,FIXED,52,40,WRAP AROUND RUBBER,1,118,40,NULL
33,,BOTTOM SH,31,9,WRAP AROUND FRAME,9,90,30,NULL
43,ANDERSEN,,20,66,VINYL BEADS,1,90,65,NULL
15,,BOTTOM SH,27,50,WRAP AROUND FRAME,9,137,45,NULL
29,,FIXED,26,40,VINYL BEADS,9,228,65,NULL
27,,,31,60,VINYL BEADS,9,137,35,NULL
13,VINYL,FIXED,27,96,VINYL BEADS,9,90,60,1
27,,BOTTOM SH,32,25,VINYL BEADS,9,62,55,NULL
55,ANDERSEN,,32,30,VINYL BEADS,9,62,85,NULL
24,STEEL,,18,192,PUTTY,2,228,70,NULL
90,ALUMINUM,FLUSH GLAZE,64,31,,2,6,70,NULL
98,ALUMINUM,FLUSH GLAZE,46,30,,2,6,35,NULL
18,,,31,60,,1,137,60,NULL
54,,,36,44,WOOD BEADS,5,90,85,NULL
23,,,20,30,WRAP AROUND RUBBER,1,62,35,NULL
29,,,29,60,VINYL BEADS,1,211,40,NULL
36,,,29,60,,1,118,45,NULL
74,,,16,27,PUSH RUBBER,2,211,30,NULL
32,,,32,81,,1,211,65,NULL
33,,BOTTOM SH,32,9,WRAP AROUND FRAME,9,211,30,NULL
41,VINYL,SLIDER,32,36,SNAP BEADS,9,90,60,NULL
24,ANDERSEN,,41,60,VINYL BEADS,1,228,70,NULL
33,ALUMINUM,CURTAINWALL,67,6,PRESSURE PLATE,2,118,35,NULL
88,SASH RAIL,,80,29,,2,90,140,NULL
43,,SLIDER,21,40,WRAP AROUND FRAME,9,6,40,NULL
43,,SLIDER,21,40,WRAP AROUND FRAME,9,6,25,NULL
18,,,32,57,VINYL BEADS,1,62,70,NULL
82,ALUMINUM,FLUSH GLAZE,64,27,,2,90,70,NULL
0,,,0,30,VINYL BEADS,9,62,65,NULL
51,Aluminum,Transom,71,84,SNAP BEADS,4,211,80,NULL
55,ALUMINUM,FIXED,14,35,SNAP BEADS,9,11,75,NULL
49,VINYL,STATIONARY,48,32,SNAP BEADS,1,118,45,NULL
32,VINYL,BOTTOM SASH,26,22,WRAP AROUND FRAME,1,11,20,NULL
57,ALUMINUM,CURTAINWALL,57,45,PRESSURE PLATE,2,62,120,NULL
69,ALUMINUM,CURTAIN WALL,95,27,,6,211,105,1
46,,,34,24,,2,62,15,NULL
26,VINYL,UPPER HALF OF DOUBLE HUNG,39,52,WRAP AROUND FRAME,9,228,5,NULL
26,ALUMINUM,STATIONARY,56,4,,5,118,95,NULL
55,ALUMINUM,CURTAINWALL,58,84,PRESSURE PLATE,2,211,90,NULL
56,alum,SLIDER,25,34,wrap around rubber,9,62,415,NULL
57,ALUMINUM,UPPER SH,44,52,SCREW BEADS,2,228,50,NULL
42,ALUMINUM,STATIONARY,38,55,ZIPPER WALL,12,69,10,NULL
45,VINYL,FIXED,43,53,SNAP BEADS,1,6,50,NULL
28,VINYL,FIXED,13,48,SNAP BEADS,9,137,30,NULL
93,Aluminum,Curtainwall,32,6,,9,6,55,NULL
45,Aluminum,Flush Glaze,34,36,,2,228,15,NULL
20,,FIXED,56,13,SNAP BEADS,1,11,45,NULL
72,Aluminum,451,53,30,,5,118,60,NULL
56,Aluminum,Fixed,45,42,Wrap Around Rubber,5,62,65,NULL
47,Vinyl,Fixed,43,36,Snap Beads,9,228,50,NULL
41,alum,FIXED,41,46,SNAP BEADS,2,118,90,NULL
69,Aluminum,Flush Glaze,54,15,,2,11,90,NULL
79,VINYL,SIDELITE,14,2,,9,228,50,NULL
33,wood,FLUSH GLAZE,44,3,PUSH RUBBER,2,118,45,NULL
23,alum,BOTTOM SASH,38,31,wrap around rubber,1,211,10,NULL
42,,FIXED,46,48,SNAP BEADS,9,11,40,NULL
10,VINYL,TRANSOM,29,90,SNAP BEADS,1,228,45,NULL
23,alum,,45,36,SNAP BEADS,13,62,50,NULL
50,alum,FIXED,43,36,SNAP BEADS,4,132,140,NULL
10,VINYL,FIXED,15,84,SNAP BEADS,9,6,40,NULL
39,VINYL,PICTURE WINDOW,57,64,VINYL BEADS,1,62,55,NULL
60,ALUMINUM,FIXED,58,22,SNAP BEADS,2,211,40,NULL
94,SASH RAIL,,40,27,,2,6,50,NULL
43,VINYL,FIXED,55,35,VINYL BEADS,10,211,25,NULL
26,wood,SIDELITE,29,37,WOOD BEADS,1,11,60,NULL
79,alum,FIXED,30,30,SNAP BEADS,6,90,100,1
41,,,34,36,VINYL BEADS,10,118,75,NULL
89,Wood,,97,32,WOOD BEADS,2,90,165,NULL
17,wood,,17,40,putty,2,62,75,NULL
17,,,33,180,SNAP BEADS,2,62,35,NULL
72,ALUMINUM,CURTAINWALL,57,30,PRESSURE PLATE,2,211,140,NULL
34,,BOTTOM SH,20,36,SNAP BEADS,1,118,40,NULL
30,VINYL,SLIDER,22,48,WRAP AROUND FRAME,1,228,35,NULL
48,,,47,240,VINYL BEADS,1,6,45,NULL
56,alum,FIXED,45,27,SCREW BEADS,9,62,65,NULL
14,wood,TOP DH,10,144,putty,1,228,75,NULL
41,VINYL,FIXED,32,36,SNAP BEADS,1,11,35,NULL
31,alum,SIDELITE,37,2,SNAP BEADS,5,6,40,NULL
14,ALUMINUM,FLUSH GLAZE,84,84,,9,6,35,NULL
38,ALUMINUM,FLUSH GLAZE,12,36,flush glaze,9,62,20,NULL
70,,LUG SASH,82,12,,2,6,40,NULL
35,,BOTTOM SH,19,36,WRAP AROUND FRAME,1,11,30,NULL
57,,,37,44,WRAP AROUND FRAME,6,211,60,NULL
0,,,0,24,,0,211,25,NULL
40,wood,SIDELITE,23,44,WOOD BEADS,9,90,20,NULL
41,VINYL,SLIDER,21,37,VINYL BEADS,9,90,40,NULL
10,wood,,107,84,WOOD BEADS,9,90,125,NULL
50,,,78,42,SCREW BEADS,10,118,105,NULL
53,,FIXED,15,26,VINYL BEADS,2,62,15,NULL
33,,BOTTOM SH,31,9,SNAP BEADS,9,62,20,NULL
44,,,87,72,SNAP BEADS,9,6,130,NULL
32,ALUMINUM,FLUSH GLAZE,62,84,,2,228,60,NULL
53,,SLIDER,26,26,VINYL BEADS,9,90,50,NULL
92,SASH RAIL,TOP SH,92,27,,2,90,65,NULL
30,wood,BOTTOM DH,42,144,putty,1,62,35,NULL
81,SASH RAIL,SIDELITE,19,4,wrap around rubber,1,6,20,NULL
41,alum,FIXED,37,32,SNAP BEADS,4,228,35,NULL
92,,,76,24,,2,6,75,NULL
23,,TOP SH,39,60,VINYL BEADS,9,6,40,NULL
25,,,40,54,SNAP BEADS,1,228,50,NULL
16,wood,,36,72,WOOD BEADS,1,90,50,NULL
30,ALUMINUM,,29,43,SNAP BEADS,9,211,15,NULL
110,ALUMINUM,FLUSH GLAZE,46,24,flush glaze,2,211,55,NULL
14,,,22,72,SCREW BEADS,2,118,30,NULL
55,,FIXED,21,40,VINYL BEADS,9,228,35,NULL
28,ALUMINUM,CURTAINWALL,43,3,PRESSURE PLATE,6,90,70,NULL
19,,,32,66,VINYL BEADS,9,11,35,NULL
56,ALUMINUM,FIXED,45,27,SCREW BEADS,9,62,70,NULL
38,,FIXED,24,40,VINYL BEADS,9,228,45,NULL
11,,,26,72,SNAP BEADS,9,137,60,NULL
47,,SLIDER,16,40,WRAP AROUND FRAME,1,62,5,NULL
43,VINYL,FIXED,26,42,VINYL BEADS,9,11,60,NULL
46,,FIXED,84,25,SNAP BEADS,2,211,110,NULL
40,VINYL,SLIDER,32,40,Wrap Around Rubber,9,118,25,NULL
63,,,43,36,SNAP BEADS,2,211,135,NULL
96,ALUMINUM,FLUSH GLAZE,98,38,PUSH RUBBER,2,6,135,NULL
52,,TOP SH,46,90,SNAP BEADS,9,211,200,NULL
54,,FIXED,18,24,VINYL BEADS,1,118,60,NULL
32,VINYL,FIXED,31,10,VINYL BEADS,9,62,55,NULL
48,,,45,32,VINYL BEADS,1,228,55,NULL
63,,FIXED,52,82,SNAP BEADS,9,228,125,NULL
93,ALUMINUM,FLUSH GLAZE,49,2,PUSH RUBBER,2,90,45,NULL
40,VINYL,FIXED,26,38,VINYL BEADS,0,90,85,NULL
37,,SLIDER,32,40,WRAP AROUND FRAME,9,211,25,NULL
56,VINYL,FIXED,44,55,SNAP BEADS,1,228,60,NULL
11,,,13,78,VINYL BEADS,1,11,55,NULL
27,,,35,60,SCREW BEADS,12,228,70,NULL
0,ALUMINUM,FLUSH GLAZE,0,96,PUSH RUBBER,2,90,50,NULL
48,alum,FIXED,28,40,wrap around rubber,9,90,50,NULL
32,,,31,60,SNAP BEADS,1,11,150,NULL
0,451,,0,50,wrap around rubber,6,6,60,NULL
56,Wood,FIXED,26,144,WOOD BEADS,1,211,120,NULL
27,,,25,52,SNAP BEADS,1,228,35,NULL
82,ALUMINUM,FLUSH GLAZE,16,8,PUSH RUBBER,9,11,15,NULL
42,VINYL,SLIDER,15,40,,9,228,25,NULL
61,,,58,48,,2,211,80,NULL
18,,BOTTOM SH,21,43,SNAP BEADS,1,118,40,NULL
61,ALUMINUM,FLUSH GLAZE,43,36,,9,6,40,NULL
16,,,33,7,VINYL BEADS,1,118,35,NULL
76,ALUMINUM,FLUSH GLAZE,37,14,,2,90,35,NULL
29,VINYL,BOTTOM SASH,35,16,SNAP BEADS,1,211,35,NULL
80,,SIDELITE,47,7,SCREW BEADS,2,211,75,NULL
42,VINYL,FIXED,46,39,SNAP BEADS,9,62,10,NULL
49,,,19,38,PUTTY,1,90,65,NULL
42,,SLIDER,27,44,,9,90,45,NULL
19,,BOTTOM SH,42,40,,9,118,55,NULL
22,,,14,40,SNAP BEADS,9,62,55,NULL
69,,,59,54,SCREW BEADS,2,6,85,NULL
81,,,66,29,SNAP BEADS,2,90,70,NULL
21,,,34,27,SNAP BEADS,2,6,20,NULL
26,,,31,60,VINYL BEADS,9,6,25,NULL
16,,,18,72,PUTTY,1,62,50,NULL
43,,,23,39,SCREW BEADS,2,62,50,NULL
60,,,52,36,SNAP BEADS,2,6,115,NULL
24,,FIXED,24,60,PUSH RUBBER,9,228,35,NULL
16,,,42,45,PUTTY,0,90,50,NULL
21,,,34,29,SNAP BEADS,2,6,20,NULL
12,,FIXED,42,84,VINYL BEADS,9,118,95,NULL
51,ALUMINUM,FIXED,29,25,SNAP BEADS,9,62,55,NULL
21,ALUMINUM,CURTAINWALL,41,96,PRESSURE PLATE,2,6,75,NULL
53,ALUMINUM,,30,32,SNAP BEADS,5,118,25,NULL
26,ALUMINUM,FLUSH GLAZE,40,5,PUSH RUBBER,0,6,45,NULL
25,,,19,40,VINYL BEADS,9,62,25,NULL
103,SASH RAIL,SIDELITE,83,27,,2,228,110,NULL
26,,,24,48,VINYL BEADS,9,6,50,NULL
75,,FIXED,32,30,WRAP AROUND FRAME,2,118,25,NULL
53,ALUMINUM,FIXED,33,31,VINYL BEADS,2,118,85,NULL
66,,,37,48,SNAP BEADS,9,62,130,NULL
20,ALUMINUM,GLAZE,46,144,PUTTY,2,11,45,NULL
52,ALUMINUM,FIXED,76,32,SNAP BEADS,6,90,120,NULL
55,ALUMINUM,FIXED,14,34,SNAP BEADS,9,6,40,NULL
38,,,36,35,VINYL BEADS,2,137,40,NULL
64,,FIXED,33,28,VINYL BEADS,9,90,60,NULL
75,SASH RAIL,,68,27,,2,228,105,NULL
21,,,32,26,VINYL BEADS,9,62,60,NULL
31,,BOTTOM SH,26,29,WRAP AROUND RUBBER,2,228,35,NULL
42,VINYL,FIXED,46,40,SNAP BEADS,9,62,15,NULL
27,,,31,54,SNAP BEADS,1,62,30,NULL
26,,BOTTOM SH,31,24,SNAP BEADS,2,118,45,NULL
14,,,37,68,VINYL BEADS,12,228,115,NULL
80,ALUMINUM,FLUSH GLAZE,46,36,,0,6,20,NULL
40,,SLIDER,26,40,VINYL BEADS,9,6,65,NULL
12,,,50,40,SNAP BEADS,6,62,75,NULL
52,ALUMINUM,FIXED,60,33,SNAP BEADS,2,62,60,NULL
11,,,26,60,SNAP BEADS,9,137,60,NULL
96,SASH RAIL,,52,22,,2,211,75,NULL
79,,,14,25,WOOD BEADS,2,211,90,NULL
90,,,92,23,,2,90,155,NULL
42,,FIXED,33,40,VINYL BEADS,9,118,45,NULL
27,ALUMINUM,FIXED,20,4,SNAP BEADS,9,118,40,NULL
67,,,27,45,WOOD BEADS,2,90,85,NULL
38,Clear Alum,FIXED,17,84,SNAP BEADS,2,228,70,NULL
26,,,44,77,VINYL BEADS,9,118,45,NULL
43,,FIXED,33,39,VINYL BEADS,2,90,40,NULL
88,,,98,34,WOOD BEADS,2,211,110,NULL
25,VINYL,FIXED,7,24,SNAP BEADS,9,228,70,NULL
25,VINYL,FIXED,7,24,SNAP BEADS,9,228,95,NULL
41,,FIXED,20,40,VINYL BEADS,9,211,60,NULL
40,ALUMINUM,FLUSH GLAZE,41,30,,6,6,70,NULL
68,ALUMINUM,FLUSH GLAZE,28,22,PUSH RUBBER,2,62,45,NULL
61,,FIXED,80,68,SNAP BEADS,9,6,155,NULL
50,VINYL,FIXED,8,32,VINYL BEADS,1,62,50,NULL
56,ALUMINUM,FIXED,45,27,SCREW BEADS,9,6,50,NULL
78,ALUMINUM,FLUSH GLAZE,71,25,,2,211,25,NULL
67,VINYL,FIXED,43,40,VINYL BEADS,9,228,30,NULL
0,,,0,30,,9,62,40,NULL
23,,BOTTOM SH,38,33,WRAP AROUND RUBBER,1,118,30,NULL
72,,FIXED,31,39,,1,90,135,NULL
44,ALUMINUM,FLUSH GLAZE,41,36,,2,228,35,NULL
21,,BOTTOM SH,32,34,SNAP BEADS,9,211,30,NULL
84,ALUMINUM,,36,10,SNAP BEADS,2,228,60,NULL
18,VINYL,SLIDER,22,55,SNAP BEADS,9,211,25,NULL
46,,SLIDER,69,36,,9,118,60,NULL
36,,,34,32,VINYL BEADS,13,118,40,NULL
43,,FIXED,27,36,SNAP BEADS,9,118,45,NULL
30,,BOTTOM SH,33,16,SNAP BEADS,1,6,35,NULL
70,ALUMINUM,FLUSH GLAZE,49,37,,2,11,25,NULL
19,ALUMINUM,FIXED,91,84,SNAP BEADS,5,90,70,NULL
47,,,16,35,SNAP BEADS,5,62,30,NULL
22,,SLIDER,31,46,SNAP BEADS,5,211,35,NULL
40,WOOD,BOTTOM HALF,40,10,,1,118,110,NULL
82,ALUMINUM,FLUSH GLAZE,23,4,,9,118,20,NULL
33,,,31,44,WRAP AROUND FRAME,9,62,35,NULL
82,ALUMINUM,FLUSH GLAZE,23,8,,9,118,25,NULL
29,,FIXED,26,40,VINYL BEADS,9,6,60,NULL
30,,SLIDER,19,51,VINYL BEADS,9,6,25,NULL
74,,,79,48,,2,6,70,NULL
51,ALUMINUM,,41,68,SNAP BEADS,2,6,25,NULL
46,,FIXED,34,84,WOOD BEADS,9,6,55,NULL
39,VINYL,FIXED,43,36,WRAP AROUND FRAME,9,6,20,NULL
18,,,36,48,VINYL BEADS,2,62,50,NULL
70,ALUMINUM,FIXED,45,28,SNAP BEADS,2,6,180,NULL
51,VINYL,FIXED,45,24,SNAP BEADS,9,118,65,NULL
63,,FIXED,49,40,SNAP BEADS,2,211,25,NULL
22,,FIXED,22,60,,9,211,20,NULL
55,VINYL,FIXED,33,36,SNAP BEADS,9,62,75,NULL
84,ALUMINUM,FLUSH GLAZE,34,22,,9,6,140,NULL
54,PELLA,,24,44,WOOD BEADS,2,62,110,1
67,ALUMINUM,FLUSH GLAZE,23,34,,6,211,45,NULL
30,,,28,48,PUTTY,1,137,30,NULL
26,VINYL,BOTTOM DH,28,108,SNAP BEADS,1,62,45,NULL
97,ALUMINUM,FIXED,42,9,SNAP BEADS,1,228,200,NULL
76,,SASH RAIL,57,13,,10,211,115,NULL
71,,,32,36,SNAP BEADS,5,211,70,NULL
19,WOOD,FIXED,19,72,WOOD BEADS,2,228,35,NULL
26,,,24,50,SNAP BEADS,1,90,55,NULL
55,,,52,40,SNAP BEADS,2,6,110,NULL
78,ALUMINUM,,32,27,SNAP BEADS,2,6,35,NULL
33,,BOTTOM SASH,31,10,WRAP AROUND FRAME,9,62,50,NULL
33,,,31,48,WRAP AROUND FRAME,9,62,25,NULL
84,,,48,26,WOOD BEADS,13,211,115,NULL
25,ALUMINUM,FLUSH GLAZE,36,48,,2,211,20,NULL
12,VINYL,AWNING WINDOW,36,17,VINYL BEADS,2,228,25,NULL
43,ALUMINUM,FIXED,27,35,VINYL BEADS,1,6,85,NULL
30,,BOTTOM SH,26,24,PUTTY,1,62,60,NULL
57,ALUMINUM,FLUSH GLAZE,21,24,,9,137,20,NULL
61,,FIXED,41,24,WOOD BEADS,1,62,125,NULL
29,ALUMINUM,FLUSH GLAZE,13,6,,9,90,15,NULL
102,ALUMINUM,FLUSH GLAZE,36,4,,12,118,105,NULL
23,,,45,40,SCREW BEADS,2,211,35,NULL
63,,FIXED,52,80,SNAP BEADS,9,90,100,NULL
33,,,31,43,WRAP AROUND FRAME,9,118,30,NULL
57,ALUMINUM,FIXED,67,36,SNAP BEADS,5,6,95,NULL
39,VINYL,FIXED,29,43,SNAP BEADS,9,6,40,NULL
54,,FIXED,21,30,SNAP BEADS,9,62,60,NULL
29,,BOTTOM SH,20,20,SNAP BEADS,1,118,40,NULL
27,,BOTTOM SH,31,22,SNAP BEADS,1,62,30,NULL
7,VINYL,FIXED,31,25,SNAP BEADS,9,228,90,NULL
42,ALUMINUM,FIXED,49,144,SNAP BEADS,13,90,55,NULL
31,,,33,48,SNAP BEADS,9,228,35,NULL
56,,SLIDER,21,22,VINYL BEADS,9,62,30,NULL
60,ALUMINUM,FLUSH GLAZE,55,36,,2,6,25,NULL
14,VINYL,FIXED,27,8,VINYL BEADS,1,118,35,NULL
22,,,29,48,VINYL BEADS,1,62,30,NULL
54,ALUMINUM,FIXED,34,30,SNAP BEADS,9,62,50,NULL
32,VINYL,FIXED,26,42,VINYL BEADS,9,62,70,NULL
32,,,31,58,VINYL BEADS,9,118,20,NULL
78,ALUMINUM,FLUSH GLAZE,34,2,PUSH RUBBER,10,211,10,NULL
17,VINYL,FIXED,14,65,VINYL BEADS,9,211,25,NULL
22,,,29,60,VINYL BEADS,9,62,40,NULL
43,VINYL,FIXED,28,36,VINYL BEADS,1,228,25,NULL
36,,,8,36,,1,211,35,NULL
42,,FIXED,18,38,PUTTY,1,137,60,NULL
69,ALUMINUM,CURTAINWALL,55,24,PRESSURE PLATE,2,62,90,NULL
67,,FIXED,43,39,SNAP BEADS,2,118,100,NULL
53,VINYL,FIXED,18,24,VINYL BEADS,1,228,55,NULL
26,,BOTTOM SH,39,30,SNAP BEADS,9,118,25,NULL
73,,LUG SASH,83,18,,2,6,95,NULL
122,METAL,,63,19,SNAP BEADS,5,90,150,NULL
19,VINYL,FIXED,31,60,SNAP BEADS,9,6,55,NULL
90,ALUMINUM,FLUSH GLAZE,27,6,,7,6,15,NULL
43,,,20,42,SCREW BEADS,12,118,85,NULL
68,,SIDELITE,14,24,VINYL BEADS,9,228,35,NULL
21,,BOTTOM SH,35,60,PUSH RUBBER,12,90,30,NULL
46,,,28,36,SNAP BEADS,9,118,35,NULL
43,ALUMINUM,FIXED,45,36,SNAP BEADS,1,90,35,NULL
20,,,43,63,VINYL BEADS,9,118,30,NULL
30,,,32,30,VINYL BEADS,2,118,25,NULL
0,ALUMINUM,FLUSH GLAZE,0,37,SNAP BEADS,2,211,95,NULL
32,ALUMINUM,FIXED,58,4,SNAP BEADS,2,118,35,NULL
33,,BOTTOM SH,31,32,SNAP BEADS,9,90,55,NULL
29,,TOP DH,33,30,,9,118,45,NULL
72,,,33,32,SCREW BEADS,9,228,60,NULL
109,ALUMINUM,FLUSH GLAZE,58,38,PUSH RUBBER,9,6,45,NULL
86,ALUMINUM,CURTAINWALL,45,17,PRESSURE PLATE,2,6,105,NULL
50,ALUMINUM,FIXED,46,120,SNAP BEADS,12,118,125,1
67,ALUMINUM,FIXED,33,33,SNAP BEADS,2,90,75,NULL
25,WOOD,FIXED,37,5,PUTTY,1,62,85,NULL
49,,,52,30,SCREW BEADS,1,118,115,NULL
60,ALUMINUM,,52,33,SNAP BEADS,4,62,130,NULL
38,VINYL,SLIDER,32,41,WRAP AROUND RUBBER,9,62,30,NULL
41,VINYL,FIXED,26,39,WRAP AROUND RUBBER,9,62,20,NULL
37,,SIDELITE,15,3,SNAP BEADS,2,6,30,NULL
78,ALUMINUM,CURTAINWALL,57,35,PRESSURE PLATE,6,228,130,1
31,,SLIDER,21,48,VINYL BEADS,9,228,20,NULL
82,ALUMINUM,FLUSH GLAZE,23,5,,9,6,10,NULL
31,,,24,28,VINYL BEADS,9,90,45,NULL
58,ALUMINUM,FLUSH GLAZE,53,29,,2,211,20,NULL
48,,,70,72,PUTTY,1,228,85,NULL
68,ALUMINUM,,40,40,SNAP BEADS,5,62,55,NULL
47,,,59,38,SCREW BEADS,5,6,90,NULL
12,,,16,68,,1,62,30,NULL
49,,,23,45,VINYL BEADS,1,118,75,NULL
52,ALUMINUM,FIXED,32,34,SNAP BEADS,9,90,35,NULL
39,,,44,38,VINYL BEADS,1,211,30,NULL
19,,FIXED,31,72,VINYL BEADS,1,11,60,NULL
48,ALUMINUM,FLUSH GLAZE,68,36,,11,90,70,NULL
78,ALUMINUM,FIXED,40,32,SCREW BEADS,6,90,140,NULL
21,,,32,36,SNAP BEADS,9,211,15,NULL
40,,,44,36,WRAP AROUND RUBBER,1,90,35,NULL
76,ALUMINUM,FLUSH GLAZE,50,35,PUSH RUBBER,2,211,15,NULL
95,ALUMINUM,FLUSH GLAZE,49,30,,2,6,45,NULL
32,,BOTTOM DH,30,30,,1,6,40,NULL
36,,,26,32,WRAP AROUND FRAME,1,118,25,NULL
59,,LUG SASH,48,13,,2,90,60,NULL
60,ALUMINUM,FLUSH GLAZE,32,28,PUSH RUBBER,7,90,40,NULL
54,,SLIDER,21,24,VINYL BEADS,9,211,45,NULL
30,ALUMINUM,FIXED,74,19,PUSH RUBBER,9,211,30,NULL
20,,,30,72,VINYL BEADS,0,6,45,NULL
54,VINYL,FIXED,12,21,,9,11,45,NULL
43,VINYL,FIXED,32,36,VINYL BEADS,9,211,35,NULL
36,VINYL,FIXED,21,40,SNAP BEADS,9,62,50,NULL
33,,BOTTOM SH,31,9,SNAP BEADS,9,90,30,NULL
98,ALUMINUM,FLUSH GLAZE,64,36,PUSH RUBBER,2,90,40,NULL
61,,,48,42,SNAP BEADS,2,228,35,NULL
31,,,13,4,SCREW BEADS,9,228,15,NULL
59,,,20,30,SCREW BEADS,6,62,75,NULL
76,,,34,5,WOOD BEADS,1,62,90,NULL
82,ALUMINUM,FLUSH GLAZE,21,6,,9,118,15,NULL
22,,,36,46,VINYL BEADS,2,228,30,NULL
30,VINYL,SLIDER,21,48,SNAP BEADS,9,90,25,NULL
90,ALUMINUM,FLUSH GLAZE,69,27,,2,228,65,NULL
0,,,0,30,,9,118,75,NULL
16,,,33,40,,9,228,30,NULL
86,ALUMINUM,,66,19,SNAP BEADS,2,6,50,NULL
29,ALUMINUM,SIDELITE,43,8,SNAP BEADS,9,211,10,NULL
31,,BOTTOM SH,42,30,,5,62,25,NULL
55,,,20,32,VINYL BEADS,1,90,50,NULL
82,ALUMINUM,FLUSH GLAZE,43,5,,2,118,40,NULL
43,ALUMINUM,FIXED,55,42,SNAP BEADS,2,211,50,NULL
76,WOOD,FIXED,38,18,WOOD BEADS,1,228,115,NULL
19,,TOP DH,33,30,VINYL BEADS,1,62,70,NULL
49,,,29,36,VINYL BEADS,2,228,40,NULL
55,,SLIDER,27,31,SNAP BEADS,9,11,40,NULL
13,,,24,12,SNAP BEADS,1,137,45,NULL
70,,,43,60,SCREW BEADS,1,211,105,NULL
31,WOOD,FIXED,24,4,PUTTY,1,62,290,NULL
28,ALUMINUM,FLUSH GLAZE,36,4,,12,6,55,NULL
36,,FIXED,55,40,SNAP BEADS,9,6,65,1
43,SASH RAIL,,47,42,,2,11,65,NULL
58,,,19,34,SNAP BEADS,11,118,105,NULL
120,,SNAP SASH,42,19,,2,90,80,NULL
31,VINYL,FIXED,27,40,VINYL BEADS,9,6,40,NULL
61,,,60,36,,2,228,75,NULL
27,,,31,30,VINYL BEADS,9,6,35,NULL
27,,,31,30,VINYL BEADS,9,6,40,NULL
21,,TOP SH,31,30,VINYL BEADS,1,90,45,NULL
27,,TOP SH,31,52,SNAP BEADS,9,11,65,NULL
32,,BOTTOM SH,43,30,,5,90,30,NULL
24,ALUMINUM,FIXED,26,60,,9,211,15,NULL
52,ALUMINUM,FIXED,30,26,SNAP BEADS,9,118,45,NULL
20,,BOTTOM SH,26,36,,1,11,40,NULL
62,ALUMINUM,FLUSH GLAZE,77,23,,2,6,140,NULL
63,ALUMINUM,FIXED,58,32,,2,228,120,NULL
61,,,30,46,SCREW BEADS,0,228,45,NULL
82,ALUMINUM,FLUSH GLAZE,60,3,,4,6,65,NULL
20,ALUMINUM,FLUSH GLAZE,79,84,,2,118,35,NULL
57,,SIDELITE,20,34,,9,228,20,NULL
48,VINYL,FIXED,20,43,VINYL BEADS,9,228,40,NULL
21,,BOTTOM DH,25,30,VINYL BEADS,9,118,25,NULL
14,VINYL,SLIDER,13,72,VINYL BEADS,9,118,30,NULL
28,,BOTTOM SH,31,31,SNAP BEADS,9,11,40,NULL
28,,TOP SH,31,52,SNAP BEADS,1,11,30,NULL
51,VINYL,FIXED,45,24,VINYL BEADS,9,90,60,NULL
25,ANDERSEN,,30,60,VINYL BEADS,1,228,25,NULL
59,VINYL,,18,19,SNAP BEADS,1,11,75,NULL
78,,,91,6,SCREW BEADS,0,6,100,1
33,,TOP SH,27,60,SCREW BEADS,9,90,25,NULL
82,,SIDELITE,23,4,,9,6,20,NULL
15,,BOTTOM DH,10,33,WOOD BEADS,9,118,40,NULL
34,VINYL,FIXED,16,44,VINYL BEADS,1,118,35,NULL
14,WOOD,BOTTOM DH,12,144,PUTTY,1,90,50,NULL
74,ALUMINUM,,93,45,SNAP BEADS,5,6,100,NULL
59,,,40,40,SNAP BEADS,12,211,75,NULL
30,,,29,36,,1,118,25,NULL
21,,,39,72,,1,90,45,NULL
44,,,28,24,SNAP BEADS,6,6,50,NULL
61,,FIXED,27,33,VINYL BEADS,2,228,85,NULL
42,,FIXED,33,40,VINYL BEADS,9,6,60,NULL
24,,BOTTOM SH,35,30,VINYL BEADS,9,62,30,NULL
53,,FIXED,53,35,VINYL BEADS,1,118,65,NULL
55,ALUMINUM,FLUSH GLAZE,14,45,,12,211,15,NULL
33,,BOTTOM SH,31,26,SNAP BEADS,9,62,30,NULL
14,,,12,72,PUTTY,1,228,45,NULL
23,,BOTTOM SH,24,30,,1,228,30,NULL
48,,FIXED,30,36,VINYL BEADS,1,118,50,NULL
41,ALUMINUM,,27,168,SNAP BEADS,5,118,45,NULL
77,ALUMINUM,FLUSH GLAZE,45,8,,1,211,10,NULL
18,,TOP SH,25,30,VINYL BEADS,9,6,25,NULL
27,,BOTTOM SH,34,24,VINYL BEADS,9,228,30,NULL
85,,,62,21,SNAP BEADS,2,211,95,NULL
66,,SIDELITE,13,9,WOOD BEADS,9,228,25,NULL
15,,TOP SH,32,30,VINYL BEADS,9,228,15,NULL
15,,TOP SH,32,30,VINYL BEADS,9,228,15,NULL
23,,BOTTOM SH,29,32,SNAP BEADS,1,118,40,NULL
53,,FIXED,33,36,VINYL BEADS,2,90,35,NULL
10,,,34,60,VINYL BEADS,9,118,35,NULL
42,,SLIDER,33,40,VINYL BEADS,9,90,40,NULL
28,ALUMINUM,FLUSH GLAZE,29,10,,2,6,15,NULL
76,ALUMINUM,FLUSH GLAZE,46,36,,5,211,40,NULL
25,,TOP DH,26,30,VINYL BEADS,9,6,20,NULL
15,ALUMINUM,FLUSH GLAZE,36,228,PUSH RUBBER,2,11,45,NULL
14,VINYL,SLIDER,12,84,VINYL BEADS,9,6,15,NULL
27,VINYL,TRANSOM,67,144,SNAP BEADS,9,118,55,NULL
55,VINYL,FIXED,19,24,VINYL BEADS,1,118,30,NULL
82,ALUMINUM,FLUSH GLAZE,19,4,,9,90,60,NULL
71,ALUMINUM,FLUSH GLAZE,40,29,,2,6,30,NULL
22,ALUMINUM,FLUSH GLAZE,24,51,PUSH RUBBER,2,228,15,NULL
36,,FIXED,32,40,VINYL BEADS,9,62,35,NULL
37,,TOP DH,28,84,VINYL BEADS,1,228,20,NULL
23,,TOP SH,31,30,SNAP BEADS,9,228,30,NULL
64,,,93,24,,2,211,70,NULL
96,SASH RAIL,,60,27,,1,6,55,NULL
31,,BOTTOM SH,24,30,SNAP BEADS,9,62,35,NULL
23,,BOTTOM SH,34,38,,9,118,40,NULL
23,,BOTTOM DH,29,30,WRAP AROUND FRAME,9,228,15,NULL
32,,TOP DH,20,65,PUTTY,9,118,95,NULL
15,,BOTTOM SH,30,30,SNAP BEADS,9,228,10,NULL
33,,BOTTOM SH,29,27,VINYL BEADS,9,90,55,NULL
46,,,28,36,VINYL BEADS,9,62,70,NULL
42,STEEL,WINDOW,23,144,SCREW BEADS,2,6,90,NULL
55,ALUMINUM,FIXED,45,24,VINYL BEADS,9,62,85,NULL
39,,FIXED,21,48,VINYL BEADS,9,118,75,NULL
25,ALUMINUM,FLUSH GLAZE,57,24,,4,90,35,NULL
27,,BOTTOM SH,44,30,VINYL BEADS,11,228,15,NULL
26,,,23,36,,1,62,50,NULL
32,,TOP SH,36,60,VINYL BEADS,9,228,35,NULL
33,,SIDELITE,24,40,SCREW BEADS,9,118,50,NULL
94,,,88,24,,0,6,65,NULL
24,,BOTTOM SH,39,30,,9,90,35,NULL
28,VINYL,FIXED,31,42,SNAP BEADS,9,118,25,NULL
30,,BOTTOM SH,31,30,VINYL BEADS,1,62,35,NULL
27,ALUMINUM,FIXED,50,90,SNAP BEADS,5,118,40,NULL
40,VINYL,FIXED,26,36,VINYL BEADS,9,11,50,NULL
21,,BOTTOM SH,30,30,VINYL BEADS,9,62,40,NULL
57,ALUMINUM,FLUSH GLAZE,20,36,,9,6,25,NULL
29,VINYL,FIXED,20,53,SNAP BEADS,9,62,30,NULL
30,ALUMINUM,FLUSH GLAZE,29,96,PUSH RUBBER,5,90,60,NULL
42,,,36,42,ZIPPER WALL,12,6,70,NULL
52,,TOP SH,45,108,VINYL BEADS,9,211,190,NULL
48,,BOTTOM DH,44,43,,2,90,25,NULL
25,,BOTTOM SH,26,30,VINYL BEADS,9,11,40,NULL
59,,SLIDER,28,32,,9,6,55,NULL
10,,,34,30,SNAP BEADS,9,211,35,NULL
10,,BOTTOM SH,36,30,SNAP BEADS,9,211,35,NULL
72,Metal,Flush Glaze,38,36,,2,228,65,NULL
31,ALUMINUM,FLUSH GLAZE,26,2,,9,137,30,NULL
64,,,17,24,,2,211,20,NULL
60,,,76,41,,2,6,55,NULL
84,SASH RAIL,,94,28,,2,211,30,NULL
83,ALUMINUM,FLUSH GLAZE,37,27,,2,6,60,NULL
54,ALUMINUM,FIXED,30,24,,9,11,60,NULL
40,,SIDELITE,26,46,SCREW BEADS,9,90,30,NULL
66,ALUMINUM,,40,19,SNAP BEADS,13,118,80,NULL
50,VINYL,SLIDER,31,27,SNAP BEADS,9,11,55,NULL
30,,,42,5,PUSH RUBBER,2,6,35,NULL
82,,,56,24,PUSH RUBBER,2,211,245,NULL
73,ALUMINUM,FLUSH GLAZE,34,22,,2,11,30,NULL
44,STEEL,,42,12,PUTTY,0,211,55,NULL
27,,BOTTOM SH,25,34,SNAP BEADS,11,118,45,NULL
27,,BOTTOM DH,30,30,VINYL BEADS,1,228,35,NULL
21,,TOP SH,31,60,VINYL BEADS,1,228,90,NULL
14,,TOP SH,36,60,VINYL BEADS,9,6,40,NULL
70,WOOD,SIDELITE,16,10,WOOD BEADS,1,6,45,NULL
43,VINYL,FIXED,22,36,VINYL BEADS,1,211,35,NULL
25,,TOP SH,40,60,VINYL BEADS,9,6,40,NULL
60,WOOD,FIXED,34,18,WOOD BEADS,1,90,75,NULL
67,ALUMINUM,FLUSH GLAZE,82,84,,2,6,75,NULL
54,ALUMINUM,FIXED,45,156,SNAP BEADS,9,211,70,NULL
38,ALUMINUM,FLUSH GLAZE,12,47,,0,211,10,NULL
27,,TOP SH,31,30,SNAP BEADS,1,11,40,NULL
22,ALUMINUM,,34,12,SNAP BEADS,5,228,20,NULL
33,,TOP SH,25,44,,9,11,65,NULL
38,,FIXED,24,40,VINYL BEADS,9,118,60,NULL
33,,BOTTOM SH,27,28,SNAP BEADS,9,11,40,NULL
17,,TOP DH,23,30,VINYL BEADS,1,62,25,NULL
10,,BOTTOM SH,34,30,VINYL BEADS,9,90,60,NULL
65,VINYL,FIXED,30,24,VINYL BEADS,1,118,50,NULL
71,VINYL,FIXED,18,39,VINYL BEADS,1,62,60,NULL
38,VINYL,SLIDER,33,41,SNAP BEADS,9,11,40,NULL
26,ALUMINUM,FLUSH GLAZE,16,2,,0,11,30,NULL
24,,,27,71,SNAP BEADS,12,11,40,NULL
34,,SLIDER,36,51,,9,6,50,NULL
52,,SLIDER,27,24,WRAP AROUND RUBBER,9,62,60,NULL
56,,,32,30,SCREW BEADS,2,6,30,NULL
26,,,31,36,VINYL BEADS,1,62,65,NULL
82,ALUMINUM,FLUSH GLAZE,26,7,,9,6,30,NULL
26,,,17,96,SNAP BEADS,2,118,20,NULL
57,VINYL,FIXED,55,28,VINYL BEADS,1,118,60,NULL
87,ALUMINUM,FLUSH GLAZE,40,29,,12,228,35,NULL
24,,BOTTOM SH,35,29,SNAP BEADS,9,228,25,NULL
15,,,35,84,WOOD BEADS,1,118,165,NULL
21,,,37,72,VINYL BEADS,2,228,40,NULL
21,,,37,28,VINYL BEADS,2,6,35,NULL
40,,,27,62,VINYL BEADS,9,118,75,1
48,ALUMINUM,FIXED,24,50,,9,228,25,NULL
91,ALUMINUM,FLUSH GLAZE,58,26,PUSH RUBBER,2,6,40,NULL
44,,FIXED,27,48,SNAP BEADS,1,62,40,NULL
60,WOOD,,87,18,WOOD BEADS,2,6,50,NULL
42,,,30,84,WOOD BEADS,2,6,30,NULL
24,,FIXED,23,30,SNAP BEADS,1,211,30,NULL
52,ALUMINUM,Flush Glaze,53,36,,2,211,20,NULL
93,WOOD,FIXED,30,68,WOOD BEADS,2,90,100,NULL
29,,,54,4,,2,228,25,NULL
64,Aluminum,Slider,42,24,Wrap Around Rubber,9,211,60,NULL
92,ALUMINUM,FLUSH GLAZE,44,29,PUSH RUBBER,2,211,55,1
31,,Bottom of SH,24,28,Snap Beads,9,118,60,NULL
36,,FIXED,26,42,WRAP AROUND FRAME,1,118,30,NULL
45,,,11,36,VINYL BEADS,1,118,40,NULL
19,,,38,51,SNAP BEADS,5,62,35,NULL
28,ANDERSEN,,33,36,,1,137,90,NULL
27,,BOTTOM SH,27,27,SNAP BEADS,1,211,35,NULL
42,VINYL,SLIDER,33,38,SNAP BEADS,2,132,65,NULL
56,,FIXED,24,30,VINYL BEADS,9,90,80,NULL
25,,SIDELITE,32,8,WOOD BEADS,0,62,30,NULL
17,,,38,34,SNAP BEADS,11,118,75,NULL
57,ALUMINUM,FLUSH GLAZE,37,27,,2,211,25,NULL
66,ALUMINUM,FIXED,32,43,SNAP BEADS,9,228,70,NULL
24,,,24,60,,1,137,60,NULL
22,,,33,40,WRAP AROUND FRAME,9,6,80,NULL
10,,,29,84,VINYL BEADS,5,6,45,NULL
16,WOOD,FIXED,14,64,PUTTY,2,62,40,NULL
54,ALUMINUM,FIXED,26,32,SNAP BEADS,9,62,75,NULL
89,ALUMINUM,FLUSH GLAZE,42,7,PUSH RUBBER,10,228,90,NULL
21,,BOTTOM SH,31,33,SNAP BEADS,9,11,35,NULL
67,,,20,19,SNAP BEADS,4,228,55,NULL
30,,,31,48,VINYL BEADS,0,118,25,NULL
30,,,31,48,VINYL BEADS,9,118,25,NULL
31,,,25,48,VINYL BEADS,9,118,35,NULL
85,ALUMINUM,FLUSH GLAZE,45,21,,1,211,25,NULL
12,WOOD,BOTTOM DH,34,108,PUTTY,1,118,60,NULL
60,ALUMINUM,FLUSH GLAZE,12,40,PUSH RUBBER,0,228,20,NULL
48,STEEL,,14,120,,2,118,80,NULL
32,,,32,63,SNAP BEADS,9,90,30,NULL
79,ALUMINUM,CURTAINWALL,106,2,PRESSURE PLATE,2,6,70,NULL
79,WOOD,SIDELITE,32,12,WOOD BEADS,1,62,85,NULL
41,,,28,30,,11,90,35,NULL
74,,,60,29,,2,90,95,NULL
75,ALUMINUM,,87,20,SNAP BEADS,0,6,35,NULL
16,,,10,36,PUTTY,10,211,70,NULL
13,VINYL,FIXED,66,18,VINYL BEADS,9,228,35,NULL
41,,FIXED,41,44,WRAP AROUND FRAME,9,62,30,NULL
39,,,32,52,SNAP BEADS,9,11,55,NULL
60,,,58,35,SNAP BEADS,2,211,75,NULL
21,,BOTTOM SH,31,34,SNAP BEADS,9,11,70,NULL
57,VINYL,FIXED,40,33,VINYL BEADS,2,62,90,NULL
51,,,19,42,SCREW BEADS,5,211,25,NULL
56,,,34,34,PUTTY,2,6,80,NULL
32,,SLIDER,19,48,WRAP AROUND FRAME,2,11,35,NULL
0,ANDERSEN,,0,37,,2,62,60,NULL
20,,,16,50,PUTTY,1,137,45,NULL
58,ALUMINUM,FLUSH GLAZE,55,37,,2,211,25,NULL
78,ALUMINUM,FLUSH GLAZE,34,2,,10,62,35,NULL
16,,,12,6,PUTTY,1,118,35,NULL
48,ALUMINUM,FIXED,36,42,SNAP BEADS,10,118,110,NULL
36,VINYL,FIXED,24,36,WRAP AROUND FRAME,9,90,40,NULL
70,ALUMINUM,FLUSH GLAZE,57,25,,2,211,35,NULL
37,,,24,60,VINYL BEADS,1,118,40,NULL
18,,,30,42,VINYL BEADS,9,228,40,NULL
14,,TOP SH,36,60,VINYL BEADS,9,90,25,NULL
31,,,24,30,VINYL BEADS,9,118,40,NULL
29,,,24,30,VINYL BEADS,9,118,35,NULL
28,VINYL,FIXED,20,36,,9,11,50,NULL
110,ALUMINUM,CURTAINWALL,58,4,PRESSURE PLATE,2,6,75,NULL
43,,FIXED,21,40,VINYL BEADS,9,90,50,NULL
30,,,29,51,WRAP AROUND RUBBER,1,11,35,NULL
21,,,27,64,SNAP BEADS,9,11,40,NULL
47,,,84,48,SCREW BEADS,2,6,130,NULL
31,,,24,30,VINYL BEADS,9,118,15,NULL
120,,LUG SASH,69,18,,2,6,80,NULL
24,ALUMINUM,FLUSH GLAZE,31,11,,12,228,30,NULL
24,,SLIDER,24,60,WRAP AROUND FRAME,9,228,30,NULL
0,,,0,55,,1,6,60,NULL
92,,,50,22,SCREW BEADS,2,6,50,NULL
76,ALUMINUM,FLUSH GLAZE,62,38,PUSH RUBBER,2,90,40,NULL
46,,FIXED,30,42,VINYL BEADS,2,228,35,NULL
46,,SLIDER,30,42,VINYL BEADS,2,228,40,NULL
46,,FIXED,30,42,VINYL BEADS,1,228,40,NULL
52,,FIXED,32,36,VINYL BEADS,2,90,75,NULL
50,VINYL,FIXED,50,28,SNAP BEADS,9,228,65,NULL
43,,,19,36,SNAP BEADS,1,228,45,NULL
53,VINYL,FIXED,73,30,SNAP BEADS,1,90,60,NULL
45,ALUMINUM,FIXED,38,34,SNAP BEADS,10,90,105,NULL
35,,,29,48,VINYL BEADS,1,118,45,NULL
27,ALUMINUM,FLUSH GLAZE,27,26,PUSH RUBBER,2,62,25,NULL
79,METAL,FIXED,47,18,SNAP BEADS,2,132,110,NULL
27,,,31,60,SNAP BEADS,1,11,30,NULL
21,,,34,26,SNAP BEADS,2,90,40,NULL
78,,FIXED,33,27,SCREW BEADS,0,62,60,NULL
16,,,43,64,VINYL BEADS,2,62,40,NULL
0,,,0,22,,1,118,55,NULL
24,,,30,70,PUTTY,1,62,70,NULL
60,ALUMINUM,FIXED,36,25,WRAP AROUND RUBBER,1,11,65,NULL
88,,SASH RAIL,67,16,,2,6,80,NULL
64,ALUMINUM,FLUSH GLAZE,67,43,PUSH RUBBER,2,211,115,NULL
70,,SIDE PANEL,26,13,WRAP AROUND FRAME,2,90,65,NULL
13,,BOTTOM SH,41,29,WRAP AROUND FRAME,9,62,30,NULL
26,ALUMINUM,,64,10,SNAP BEADS,5,6,20,NULL
46,,FIXED,36,41,VINYL BEADS,9,90,45,NULL
46,,FIXED,30,36,VINYL BEADS,1,90,35,NULL
84,,FIXED,24,32,SNAP BEADS,6,90,210,1
72,ALUMINUM,,57,24,SCREW BEADS,2,90,155,NULL
25,ALUMINUM,BOTTOM SASH,31,44,WRAP AROUND RUBBER,12,11,65,NULL
25,VINYL,BOTTOM SASH,27,30,SNAP BEADS,9,62,50,NULL
88,ALUMINUM,FLUSH GLAZE,57,29,,2,211,80,NULL
16,VINYL,UPPER SH,31,64,SNAP BEADS,2,11,55,NULL
41,VINYL,FIXED,32,34,SNAP BEADS,9,11,80,NULL
50,,,44,84,SCREW BEADS,9,228,50,NULL
41,VINYL,FIXED,14,41,SNAP BEADS,9,62,60,NULL
12,,UPPER SH,32,60,SNAP BEADS,9,6,40,NULL
57,ALUMINUM,FLUSH GLAZE,20,34,,9,6,15,NULL
58,,FIXED,24,30,SNAP BEADS,9,90,70,NULL
62,,SLIDER,50,33,SNAP BEADS,10,228,90,NULL
20,,UPPER DH,54,72,SNAP BEADS,6,137,165,NULL
15,,UPPER DH,22,60,WRAP AROUND FRAME,9,90,45,NULL
7,,,31,240,VINYL BEADS,1,62,55,NULL
57,ALUMINUM,FIXED,58,37,SNAP BEADS,2,211,60,NULL
59,ALUMINUM,FLUSH GLAZE,46,40,,2,228,90,NULL
48,VINYL,CASEMENT,11,32,VINYL BEADS,1,6,45,NULL
45,ALUMINUM,FIXED,47,44,SCREW BEADS,5,118,130,NULL
31,,,35,84,STEEL BEADS,2,11,40,NULL
50,WOOD,FIXED,62,30,WOOD BEADS,1,211,65,NULL
31,VINYL,FIXED,27,46,VINYL BEADS,9,6,40,NULL
20,WOOD,TRANSOM,35,120,,6,118,40,NULL
108,SASH RAIL,,45,11,,2,90,80,NULL
77,STEEL,,40,2,SCREW BEADS,5,228,65,NULL
60,ALUMINUM,,34,96,SNAP BEADS,0,228,60,NULL
93,ALUMINUM,FLUSH GLAZE,43,36,,2,228,50,NULL
37,ALUMINUM,FIXED,38,60,SNAP BEADS,5,62,45,NULL
90,SASH RAIL,,60,29,,2,211,60,NULL
28,VINYL,FIXED,13,52,VINYL BEADS,9,62,45,NULL
55,ALUMINUM,FLUSH GLAZE,45,45,PUSH RUBBER,2,228,55,NULL
31,VINYL,BOTTOM SH,40,12,SNAP BEADS,9,228,45,NULL
33,,SIDELITE,26,4,SCREW BEADS,9,228,60,NULL
14,,UPPER DH,25,60,SNAP BEADS,9,6,5,NULL
82,ALUMINUM,FLUSH GLAZE,24,6,,9,118,40,NULL
0,,CASEMENT,0,28,,1,118,45,NULL
24,ALUMINUM,DOOR,40,120,SNAP BEADS,2,118,60,NULL
106,,,67,14,,2,211,85,NULL
54,,FIXED,21,216,SNAP BEADS,9,137,65,NULL
52,ALUMINUM,SLIDER,21,24,,9,62,75,NULL
25,,UPPER DH,37,60,WRAP AROUND FRAME,9,211,35,NULL
50,,,31,34,SCREW BEADS,2,6,40,NULL
59,ALUMINUM,FIXED,44,33,SNAP BEADS,2,118,65,NULL
36,,,38,65,VINYL BEADS,11,132,80,NULL
61,ALUMINUM,FIXED,58,30,SNAP BEADS,2,211,55,NULL
30,,,24,22,WRAP AROUND RUBBER,9,228,45,NULL
60,WOOD,,55,70,WOOD BEADS,1,90,90,NULL
70,,,60,34,WOOD BEADS,2,6,40,NULL
77,STEEL,,46,2,SCREW BEADS,5,6,85,NULL
63,,FIXED,52,82,SNAP BEADS,9,90,85,NULL
20,,,24,36,,6,11,60,NULL
16,WOOD,STORM DOOR,9,84,WOOD BEADS,1,118,65,NULL
26,WOOD,BOTTOM DH,28,144,PUTTY,1,6,75,NULL
34,ALUMINUM,,48,8,SNAP BEADS,2,90,50,NULL
29,WOOD,,72,60,,9,228,105,NULL
59,ALUMINUM,FIXED,42,18,SNAP BEADS,5,118,25,NULL
23,,FINTUBE SIDELITE,39,2,SCREW BEADS,9,90,35,NULL
20,,FINTUBE SIDELITE,39,2,SCREW BEADS,9,90,25,NULL
73,ALUMINUM,FLUSH GLAZE,54,37,,2,90,40,NULL
24,ALUMINUM,,38,49,SNAP BEADS,2,6,30,NULL
42,STEEL,,29,39,SCREW BEADS,2,228,150,NULL
39,VINYL,SLIDER,26,43,SNAP BEADS,9,90,30,NULL
54,VINYL,,23,132,SNAP BEADS,1,118,60,NULL
46,,FIXED,24,40,SNAP BEADS,9,6,10,NULL
58,ALUMINUM,SLIDER,37,27,WRAP AROUND RUBBER,10,118,65,NULL
14,WOOD,SASH,10,72,PUTTY,1,118,55,NULL
75,WOOD,,42,29,,2,228,85,NULL
34,ALUMINUM,CURTAIN WALL,56,4,,5,62,85,1
23,ALUMINUM,CURTAIN WALL,76,12,,13,118,80,NULL
36,ALUMINUM,FIXED,20,60,PUSH RUBBER,9,90,45,NULL
41,VINYL,FIXED,32,39,VINYL BEADS,9,6,45,NULL
12,VINYL,BOTTOM SASH,26,50,SNAP BEADS,1,11,25,NULL
18,VINYL,,20,61,SNAP BEADS,9,11,40,NULL
72,ALUMINUM,FLUSH GLAZE,56,4,,2,211,35,NULL
27,VINYL,BOTTOM SASH,32,25,SNAP BEADS,9,90,70,NULL
55,,FIXED,43,25,SNAP BEADS,9,118,35,NULL
60,ALUMINUM,FIXED,52,38,SNAP BEADS,2,211,115,NULL
64,ALUMINUM,FLUSH GLAZE,55,43,,2,228,30,NULL
54,,FIXED,28,26,SNAP BEADS,9,90,100,NULL
30,VINYL,TOP SASH,27,60,SNAP BEADS,9,118,60,NULL
19,BOTTOM SH,,38,40,WRAP AROUND FRAME,9,228,40,NULL
69,ALUMINUM,FLUSH GLAZE,30,31,,2,211,50,NULL
48,ALUMINUM,SLIDER,32,40,WRAP AROUND RUBBER,9,90,40,NULL
20,ALUMINUM,FIXED,41,40,SNAP BEADS,1,6,50,NULL
33,,BOTTOM SH,31,26,SNAP BEADS,9,11,70,NULL
78,ALUMINUM,FLUSH GLAZE,49,7,,2,11,40,NULL
42,VINYL,SLIDER,26,48,WRAP AROUND FRAME,1,11,65,NULL
83,ALUMINUM,,38,2,SNAP BEADS,9,211,25,NULL
22,BOTTOM SH,,30,32,SNAP BEADS,9,11,35,NULL
68,ALUMINUM,BOTTOM SH,34,16,SNAP BEADS,2,211,60,NULL
80,FINTUBE,,44,120,SCREW BEADS,9,211,100,NULL
59,FINTUBE,SIDELITE,40,24,SCREW BEADS,9,211,35,NULL
46,VINYL,FIXED,41,30,VINYL BEADS,9,118,40,NULL
39,VINYL,SLIDER,32,41,SNAP BEADS,9,11,55,NULL
24,,BOTTOM DH,14,84,PUTTY,2,118,50,NULL
18,METAL,,18,30,,2,11,50,NULL
50,ALUMINUM,FIXED,26,44,SNAP BEADS,1,90,80,NULL
30,,FIXED,32,51,SNAP BEADS,9,90,30,NULL
19,VINYL,GARAGE DOOR VISION PANEL,42,72,,1,211,30,NULL
26,,UPPER DH,40,60,VINYL BEADS,9,118,50,NULL
39,,HOPPER WINDOW,49,38,SNAP BEADS,9,6,40,NULL
30,VINYL,UPPER DH,34,120,SNAP BEADS,1,62,70,NULL
28,VINYL,FIXED,20,36,SNAP BEADS,0,118,40,NULL
42,VINYL,SLIDER,21,40,VINYL BEADS,9,211,20,NULL
32,ALUMINUM,TRANSOM,35,84,SNAP BEADS,4,11,40,NULL
84,WOOD,,46,24,WOOD BEADS,2,211,70,NULL
53,VINYL,FIXED,14,26,VINYL BEADS,9,6,25,NULL
29,,FIXED,26,51,SNAP BEADS,9,118,65,NULL
40,,FIXED,79,96,SNAP BEADS,9,211,90,NULL
60,,LUG SASH TOP,82,22,,2,211,125,NULL
27,ALUMINUM,FLUSH GLAZE,34,59,PUSH RUBBER,2,228,20,NULL
57,ALUMINUM,FLUSH GLAZE,14,32,,9,118,55,NULL
84,WOOD,,28,4,WOOD BEADS,2,228,105,NULL
23,,Bottom of Double Hung,26,18,Wrap Around Frame,1,62,25,NULL
34,,UPPER DH,34,60,PUTTY,2,228,40,NULL
67,ALUMINUM,FLUSH GLAZE,41,36,,1,90,30,NULL
30,VINYL,SLIDER,21,53,SNAP BEADS,9,118,55,NULL
20,VINYL,BOTTOM SASH,19,40,SNAP BEADS,9,118,65,NULL
41,VINYL,FIXED,20,36,SNAP BEADS,9,118,35,NULL
57,ALUMINUM,FIXED,58,28,SNAP BEADS,2,90,115,NULL
31,VINYL,BOTTOM SASH,29,39,SNAP BEADS,1,118,45,NULL
33,,TOP SH,31,44,,9,6,30,NULL
40,ALUMINUM,FLUSH GLAZE,44,44,,2,11,35,NULL
61,VINYL,FIXED,43,26,SNAP BEADS,11,62,140,NULL
15,VINYL,SASH,30,48,SNAP BEADS,1,118,105,NULL
59,,,94,33,,2,6,95,NULL
33,,BOTTOM SH,31,24,VINYL BEADS,9,6,25,NULL
18,VINYL,BOTTOM SH,31,30,VINYL BEADS,9,62,50,NULL
19,VINYL,BOTTOM SH,31,30,VINYL BEADS,9,62,30,NULL
28,ALUMINUM,CURTAINWALL,15,72,PRESSURE PLATE,2,62,160,NULL
14,,BOTTOM SH,19,48,VINYL BEADS,0,228,10,NULL
45,,,32,33,,9,6,30,NULL
28,ALUMINUM,BOTTOM SH,30,30,VINYL BEADS,9,118,50,NULL
28,,BOTTOM SH,31,36,WRAP AROUND FRAME,9,6,30,NULL
51,STEEL,,46,28,SCREW BEADS,2,90,45,NULL
33,VINYL,TOP SH,31,60,SNAP BEADS,1,11,55,NULL
29,ALUMINUM,,58,1,SNAP BEADS,2,228,35,NULL
17,VINYL,SLIDER,15,45,WRAP AROUND RUBBER,2,118,25,NULL
45,METAL,TRANSOM,87,86,SNAP BEADS,9,118,85,NULL
15,STAINLESS STEEL,FIXED,37,13,SCREW BEADS,2,137,60,NULL
55,METAL,SIDELITE,23,35,SCREW BEADS,2,11,40,NULL
36,METAL,SKYLITE,36,144,,2,6,40,NULL
31,VINYL,BOTTOM SASH,25,24,SNAP BEADS,2,118,35,NULL
34,ALUMINUM,FIXED,32,50,SNAP BEADS,9,90,30,NULL
51,WOOD,FIXED,12,36,WOOD BEADS,5,228,80,NULL
67,ALUMINUM,FLUSH GLAZE,41,36,,2,90,30,NULL
44,VINYL,FIXED,14,32,SNAP BEADS,9,228,30,NULL
61,VINYL,FIXED,43,26,SNAP BEADS,11,62,90,NULL
28,,TOP SH,31,56,SNAP BEADS,2,211,20,NULL
43,ALUMINUM,FLUSH GLAZE,12,2,,9,90,25,NULL
50,ALUMINUM,FLUSH GLAZE,32,48,,0,228,25,NULL
29,,FIXED,26,4,VINYL BEADS,9,211,60,NULL
22,ALUMINUM,,56,61,SNAP BEADS,2,211,25,1
82,ALUMINUM,FLUSH GLAZE,23,6,,9,211,30,NULL
36,VINYL,TOP SH,31,84,VINYL BEADS,1,228,70,NULL
56,ALUMINUM,FLUSH GLAZE,25,30,,2,6,15,NULL
17,,LUG SASH,71,6,,0,228,35,NULL
80,WOOD,,33,12,WOOD BEADS,2,211,30,NULL
20,VINYL,TOP DH,15,30,VINYL BEADS,1,211,35,NULL
38,,UPPER SH,24,60,SNAP BEADS,1,62,35,NULL
36,ALUMINUM,TOP SASH,32,34,WRAP AROUND RUBBER,12,11,105,NULL
23,VINYL,TOP SH,31,30,VINYL BEADS,1,62,40,NULL
33,VINYL,TOP SH,31,44,,9,62,45,NULL
95,,LUG SASH,50,24,,2,6,80,NULL
72,ALUMINUM,FLUSH GLAZE,67,28,,5,211,45,NULL
77,ALUMINUM,FLUSH GLAZE,31,12,,13,6,20,NULL
69,ALUMINUM,CURTAINWALL,74,240,PRESSURE PLATE,2,6,175,NULL
78,ALUMINUM,FLUSH GLAZE,56,22,,9,90,30,NULL
72,,,31,30,,9,118,30,NULL
40,VINYL,FIXED,31,38,SNAP BEADS,9,90,45,NULL
20,,TOP SH,43,30,VINYL BEADS,9,62,20,NULL
60,,FIXED,56,28,SNAP BEADS,11,228,145,NULL
33,,BOTTOM SH,31,30,,9,90,10,NULL
33,,,27,27,VINYL BEADS,9,62,45,NULL
14,WOOD,BOTTOM DH,12,156,PUTTY,1,62,65,NULL
25,,BOTTOM SH,35,30,VINYL BEADS,1,62,40,NULL
82,ALUMINUM,FLUSH GLAZE,19,5,,0,6,20,NULL
82,ALUMINUM,,46,1,SNAP BEADS,2,118,65,NULL
26,,,34,51,SNAP BEADS,9,6,30,NULL
62,ALUMINUM,FLUSH GLAZE,37,34,,2,228,35,NULL
70,ALUMINUM,FLUSH GLAZE,35,10,,2,90,30,NULL
76,ALUMINUM,FLUSH GLAZE,60,31,,9,211,55,NULL
40,VINYL,FIXED,51,36,,9,62,80,NULL
42,,FIXED,33,40,VINYL BEADS,9,6,45,NULL
14,,,36,28,SNAP BEADS,1,139,45,NULL
59,ALUMINUM,FIXED,44,23,SNAP BEADS,10,211,50,NULL
34,,BOTTOM SH,28,8,SNAP BEADS,1,62,35,NULL
23,METAL,,39,2,SCREW BEADS,2,6,60,NULL
82,ALUMINUM,FLUSH GLAZE,19,5,,0,228,10,NULL
79,VINYL,SIDELITE,21,2,SNAP BEADS,9,228,25,NULL
8,,,69,86,SNAP BEADS,2,228,30,NULL
37,,,42,4,,13,211,30,NULL
53,VINYL,FIXED,34,24,SNAP BEADS,9,6,20,NULL
59,,SIDELITE,39,24,SCREW BEADS,9,228,40,NULL
26,ALUMINUM,FLUSH GLAZE,79,41,,2,211,15,NULL
18,,,36,72,SNAP BEADS,12,90,95,NULL
88,ALUMINUM,FLUSH GLAZE,56,25,,2,211,30,NULL
33,,BOTTOM SH,28,18,SNAP BEADS,9,228,40,NULL
36,ALUMINUM,,38,31,SNAP BEADS,2,62,25,NULL
45,ALUMINUM,SIDELITE,23,36,SNAP BEADS,9,228,15,NULL
26,WOOD,FIXED,48,20,WOOD BEADS,1,118,80,NULL
34,ALUMINUM,FIXED,49,61,SNAP BEADS,2,6,120,NULL
24,,,40,84,WOOD BEADS,1,118,95,NULL
43,ALUMINUM,FLUSH GLAZE,55,40,,2,118,50,NULL
36,,BOTTOM SH,21,7,,1,90,45,NULL
43,,FIXED,21,40,VINYL BEADS,0,62,50,NULL
10,,,27,74,VINYL BEADS,1,6,30,NULL
32,,,19,59,VINYL BEADS,1,62,40,NULL
26,,,37,67,SNAP BEADS,12,90,80,NULL
86,,,62,32,,2,211,105,NULL
33,,BOTTOM SH,25,62,SNAP BEADS,9,62,30,NULL
26,ALUMINUM,FLUSH GLAZE,37,84,,2,6,20,NULL
23,,FIXED,28,68,VINYL BEADS,9,211,35,NULL
26,VINYL,FIXED,18,21,SNAP BEADS,9,118,45,NULL
58,,SIDELITE,26,28,WOOD BEADS,9,6,50,NULL
58,,,32,30,SCREW BEADS,2,6,30,NULL
32,,,16,22,PUTTY,1,6,30,NULL
41,,,31,84,VINYL BEADS,1,118,60,NULL
98,,LUG SASH,66,11,,2,90,85,NULL
110,SASH RAIL,,44,21,,9,211,70,NULL
66,WOOD,FIXED,21,12,WOOD BEADS,1,118,185,NULL
34,,BOTTOM SH,55,36,WRAP AROUND FRAME,9,6,75,NULL
27,ALUMINUM,FLUSH GLAZE,32,2,PUSH RUBBER,2,90,30,NULL
33,,SIDELITE,26,4,SCREW BEADS,9,6,30,NULL
122,ALUMINUM,,12,4,SNAP BEADS,6,228,35,NULL
133,,,27,17,,2,6,30,NULL
24,,BOTTOM SH,32,30,SNAP BEADS,1,118,55,NULL
51,ALUMINUM,,41,86,SNAP BEADS,5,6,30,NULL
33,,,31,55,SNAP BEADS,9,211,35,NULL
69,ALUMINUM,CURTAIN WALL,95,27,,6,90,95,NULL
14,,,14,4,VINYL BEADS,1,228,30,NULL
28,,,27,39,,1,228,90,NULL
33,,BOTTOM SH,31,25,SNAP BEADS,9,62,60,NULL
27,,SLIDER,19,38,WRAP AROUND FRAME,2,137,75,NULL
32,,,28,58,VINYL BEADS,9,118,55,1
21,,,28,26,VINYL BEADS,9,211,30,NULL
27,VINYL,SLIDER,13,54,VINYL BEADS,9,62,25,NULL
40,,,30,38,WRAP AROUND RUBBER,1,211,40,NULL
22,,SLIDER,24,72,WRAP AROUND FRAME,0,6,35,NULL
82,ALUMINUM,FLUSH GLAZE,18,4,,9,228,20,NULL
48,,,14,44,VINYL BEADS,1,118,45,NULL
45,ALUMINUM,FLUSH GLAZE,31,50,,2,228,50,NULL
33,,BOTTOM SH,31,9,SNAP BEADS,2,62,45,NULL
24,ALUMINUM,FLUSH GLAZE,47,4,,2,6,25,NULL
39,,BOTTOM SH,39,72,PUTTY,1,62,55,NULL
30,VINYL,SLIDER,15,46,SNAP BEADS,9,139,40,NULL
10,VINYL,SLIDER,14,64,SNAP BEADS,1,62,40,NULL
95,,SNAP SASH,42,14,,2,6,35,NULL
22,,BOTTOM SH,78,42,,2,118,80,NULL
56,,FIXED,35,27,SNAP BEADS,9,6,80,NULL
51,,SLIDER,26,25,SNAP BEADS,9,228,40,NULL
68,ALUMINUM,,28,50,SNAP BEADS,2,139,40,NULL
42,,FIXED,15,40,VINYL BEADS,9,6,80,NULL
54,ALUMINUM,FLUSH GLAZE,39,26,,2,90,20,NULL
48,ALUMINUM,FIXED,50,36,PUSH RUBBER,9,139,100,NULL
35,ALUMINUM,,36,87,SNAP BEADS,1,211,20,NULL
60,ALUMINUM,FIXED,52,23,SNAP BEADS,9,90,55,NULL
45,ALUMINUM,FLUSH GLAZE,35,48,,2,118,20,NULL
106,,,16,35,WOOD BEADS,1,228,80,NULL
43,,,20,96,VINYL BEADS,1,6,40,NULL
39,,,32,51,SNAP BEADS,9,137,120,NULL
26,,,18,33,WOOD BEADS,1,90,45,NULL
45,,,35,38,SCREW BEADS,6,6,50,NULL
0,ANDERSEN,,0,24,,1,118,50,NULL
76,ALUMINUM,FLUSH GLAZE,61,24,,2,211,65,NULL
99,ALUMINUM,,45,22,SNAP BEADS,2,228,65,NULL
23,,,22,36,WRAP AROUND FRAME,9,118,40,NULL
29,,BOTTOM SH,23,30,WRAP AROUND FRAME,1,228,35,NULL
47,ALUMINUM,CURTAINWALL,29,14,PRESSURE PLATE,1,228,60,NULL
56,ALUMINUM,FIXED,45,35,VINYL BEADS,11,118,70,NULL
45,,SLIDER,32,34,WRAP AROUND FRAME,9,6,25,NULL
45,,FIXED,32,34,VINYL BEADS,9,6,30,NULL
62,ALUMINUM,FIXED,33,23,SNAP BEADS,2,228,75,NULL
12,,,7,60,WOOD BEADS,9,90,30,NULL
54,VINYL,SLIDER,32,25,SNAP BEADS,9,90,60,NULL
22,,FIXED,18,72,PUSH RUBBER,9,118,50,NULL
15,,BOTTOM DH,25,30,,1,228,15,NULL
40,,TOP SH,18,35,SNAP BEADS,9,62,40,NULL
21,,,32,26,VINYL BEADS,9,90,40,NULL
82,ALUMINUM,FLUSH GLAZE,23,5,,9,228,10,NULL
60,ALUMINUM,FIXED,58,34,SNAP BEADS,2,228,40,NULL
25,,,31,60,WOOD BEADS,1,118,45,NULL
26,,BOTTOM SH,36,30,VINYL BEADS,9,211,60,NULL
58,ALUMINUM,FIXED,18,36,SNAP BEADS,1,62,55,NULL
12,,,26,72,VINYL BEADS,1,62,45,NULL
63,ALUMINUM,FLUSH GLAZE,34,36,,13,228,25,NULL
79,ALUMINUM,,76,5,SNAP BEADS,4,211,65,NULL
44,ALUMINUM,FIXED,22,36,VINYL BEADS,1,62,45,NULL
33,,BOTTOM SH,31,19,SNAP BEADS,1,118,45,NULL
42,,,44,84,SNAP BEADS,12,211,35,NULL
27,,,38,23,VINYL BEADS,2,6,40,NULL
42,VINYL,SLIDER,32,38,SNAP BEADS,9,62,40,NULL
55,ALUMINUM,FIXED,30,35,SNAP BEADS,9,62,45,NULL
12,,,10,72,,9,228,25,NULL
23,,,19,30,VINYL BEADS,9,62,45,NULL
23,ALUMINUM,FIXED,64,6,SCREW BEADS,2,118,25,NULL
39,VINYL,FIXED,31,43,SNAP BEADS,9,228,60,NULL
70,ALUMINUM,FLUSH GLAZE,41,12,,2,228,40,NULL
41,,BOTTOM SH,41,38,SNAP BEADS,9,118,100,NULL
25,,BOTTOM SH,31,41,WRAP AROUND RUBBER,12,6,20,NULL
78,ALUMINUM,SIDELITE,36,5,SNAP BEADS,9,228,15,NULL
92,ALUMINUM,FLUSH GLAZE,46,1,,2,211,65,NULL
25,WOOD,WINDOW,25,144,WOOD BEADS,4,228,30,NULL
74,,,31,12,,2,6,50,NULL
76,ALUMINUM,FLUSH GLAZE,24,33,,5,90,60,NULL
11,,FIXED,26,72,,9,137,60,NULL
22,,,26,60,WRAP AROUND FRAME,9,6,30,NULL
37,,,38,28,WRAP AROUND FRAME,9,118,10,NULL
68,,,85,32,WOOD BEADS,1,211,125,NULL
0,,FIXED,0,36,,1,118,75,NULL
45,,,45,24,,9,118,55,NULL
55,ALUMINUM,FIXED,12,35,SNAP BEADS,9,62,65,NULL
52,VINYL,FIXED,20,24,SNAP BEADS,9,90,65,NULL
18,,BOTTOM SH,23,60,VINYL BEADS,2,62,35,NULL
50,,,59,21,WOOD BEADS,5,211,10,NULL
52,ALUMINUM,FIXED,43,40,SNAP BEADS,1,228,45,NULL
65,ALUMINUM,FLUSH GLAZE,25,36,,9,139,30,NULL
40,,,18,39,SNAP BEADS,9,62,65,NULL
66,,FINTUBE,88,192,SCREW BEADS,9,6,70,NULL
86,,FINTUBE,46,114,SCREW BEADS,9,6,70,1
91,ALUMINUM,FLUSH GLAZE,22,2,PUSH RUBBER,13,118,35,NULL
27,,,28,65,WRAP AROUND FRAME,1,62,35,NULL
43,VINYL,SLIDER,18,33,SNAP BEADS,9,62,50,NULL
104,,,95,34,,2,211,85,NULL
27,VINYL,FIXED,47,3,SNAP BEADS,9,62,45,NULL
40,WOOD,SIDELITE,23,2,WOOD BEADS,0,228,140,NULL
28,ALUMINUM,,36,86,SNAP BEADS,2,228,40,NULL
16,,,42,54,SNAP BEADS,1,211,35,NULL
48,ALUMINUM,FLUSH GLAZE,41,36,,5,118,35,NULL
36,ALUMINUM,CURTAINWALL,21,60,PRESSURE PLATE,2,6,55,NULL
24,WOOD,FIXED,48,42,WOOD BEADS,1,228,50,NULL
52,WOOD,FIXED,46,69,PUTTY,1,228,55,NULL
82,ALUMINUM,FLUSH GLAZE,39,2,PUSH RUBBER,2,62,35,NULL
30,,BOTTOM SH,31,29,SNAP BEADS,9,211,25,NULL
56,ALUMINUM,,56,30,SNAP BEADS,5,6,100,1
28,VINYL,SLIDER,21,48,SNAP BEADS,1,6,35,NULL
79,,,67,29,,2,6,65,NULL
14,WOOD,DOUBLE HUNG,12,192,PUTTY,1,118,60,NULL
0,ALUMINUM,FLUSH GLAZE,0,33,,2,228,45,NULL
67,ALUMINUM,CURTAINWALL,48,38,PRESSURE PLATE,12,6,125,NULL
40,,,32,34,PUTTY,1,90,80,NULL
48,VINYL,FIXED,21,32,SNAP BEADS,1,90,50,NULL
20,,,29,60,,1,90,35,NULL
46,ALUMINUM,FIXED,57,34,VINYL BEADS,9,118,80,NULL
39,VINYL,FIXED,33,5,VINYL BEADS,0,118,25,NULL
60,,SLIDER,36,30,SNAP BEADS,9,90,70,NULL
58,ALUMINUM,FLUSH GLAZE,51,36,,2,228,55,NULL
56,,,40,56,,2,228,30,NULL
53,,FIXED,27,30,SNAP BEADS,9,118,135,NULL
42,VINYL,SLIDER,32,39,SNAP BEADS,9,228,35,NULL
16,,,30,53,VINYL BEADS,1,228,30,NULL
30,ALUMINUM,FLUSH GLAZE,42,2,,2,118,30,NULL
82,ALUMINUM,FLUSH GLAZE,17,7,,0,228,5,NULL
103,ALUMINUM,FLUSH GLAZE,44,17,,2,211,30,NULL
72,ALUMINUM,FLUSH GLAZE,54,48,,2,118,40,NULL
27,,,39,34,VINYL BEADS,9,211,35,NULL
18,,,43,45,SNAP BEADS,2,6,5,NULL
72,ALUMINUM,FLUSH GLAZE,56,38,,0,6,30,NULL
59,,FIXED,41,22,SNAP BEADS,10,118,90,NULL
47,VINYL,FIXED,27,36,SNAP BEADS,9,211,35,NULL
76,WOOD,FIXED,34,5,WOOD BEADS,1,62,105,NULL
62,ALUMINUM,FLUSH GLAZE,65,21,,2,211,30,NULL
90,SASH RAIL,BOTTOM SH,48,23,,2,118,70,NULL
25,,BOTTOM SH,25,33,,1,62,30,NULL
61,ALUMINUM,CURTAINWALL,37,38,PRESSURE PLATE,10,211,85,NULL
75,,,19,4,SCREW BEADS,13,90,50,NULL
52,ALUMINUM,FIXED,43,40,SNAP BEADS,9,228,40,NULL
28,ALUMINUM,FLUSH GLAZE,36,23,,12,228,65,NULL
27,,TOP SH,26,56,VINYL BEADS,2,118,30,NULL
28,,,31,26,WRAP AROUND FRAME,9,228,25,NULL
27,,BOTTOM SH,31,26,VINYL BEADS,9,6,15,NULL
60,,,24,36,,1,90,70,NULL
67,,,54,20,,2,211,45,NULL
22,,BOTTOM SH,28,32,,1,211,40,NULL
13,,,29,72,,1,62,55,NULL
84,,,72,33,,2,90,45,NULL
29,WOOD,FIXED,41,80,,1,228,155,NULL
38,,,32,60,PUTTY,1,118,55,NULL
64,VINYL,FIXED,34,13,VINYL BEADS,1,62,65,NULL
23,,TOP DH,26,58,WRAP AROUND FRAME,1,6,25,NULL
16,,BOTTOM SH,31,30,WRAP AROUND RUBBER,9,62,30,NULL
27,,,31,60,SNAP BEADS,9,90,65,NULL
33,,,31,57,SNAP BEADS,9,118,70,NULL
39,,,32,50,SNAP BEADS,9,137,175,NULL
81,WOOD,FIXED,27,12,WOOD BEADS,9,228,85,NULL
80,SASH RAIL,,128,26,,2,211,140,NULL
24,,TOP SH,31,30,WRAP AROUND RUBBER,9,90,30,NULL
21,,,36,51,SNAP BEADS,1,228,65,NULL
48,,SLIDER,32,33,WRAP AROUND FRAME,9,211,50,NULL
24,,,44,48,VINYL BEADS,7,139,30,NULL
16,,,33,26,VINYL BEADS,9,62,60,NULL
34,,,31,68,VINYL BEADS,1,228,55,NULL
14,,,12,60,PUTTY,2,228,30,NULL
29,,,42,80,VINYL BEADS,1,211,70,NULL
49,ALUMINUM,FIXED,36,59,WRAP AROUND RUBBER,13,118,70,1
18,VINYL,FIXED,42,11,SNAP BEADS,9,118,45,NULL
54,,,66,40,VINYL BEADS,1,211,65,NULL
26,ALUMINUM,,35,2,SNAP BEADS,5,90,35,NULL
88,ALUMINUM,FLUSH GLAZE,32,39,PUSH RUBBER,1,228,70,NULL
35,,,26,26,WRAP AROUND FRAME,2,90,60,NULL
18,,FIXED,22,60,,0,118,30,NULL
72,,SIDELITE,15,7,WOOD BEADS,1,118,40,NULL
70,ALUMINUM,FIXED,54,36,SNAP BEADS,2,211,85,NULL
88,ALUMINUM,,69,20,SNAP BEADS,2,90,70,NULL
82,ALUMINUM,FLUSH GLAZE,21,5,,9,139,15,NULL
27,,,32,56,VINYL BEADS,9,228,50,NULL
29,,BOTTOM SH,28,21,PUTTY,1,211,60,NULL
86,ALUMINUM,FLUSH GLAZE,50,31,PUSH RUBBER,2,211,25,NULL
22,,,30,35,VINYL BEADS,9,228,25,NULL
41,ALUMINUM,FLUSH GLAZE,43,6,PUSH RUBBER,9,90,40,NULL
0,,,0,31,,1,62,40,NULL
91,ALUMINUM,FLUSH GLAZE,34,3,,2,211,20,NULL
60,SASH RAIL,,74,36,,5,211,100,NULL
57,ALUMINUM,FLUSH GLAZE,14,32,,0,6,25,NULL
64,ALUMINUM,FLUSH GLAZE,54,56,,2,211,40,NULL
103,SASH RAIL,SIDELITE,82,27,,0,211,105,NULL
32,ALUMINUM,FLUSH GLAZE,38,44,,2,6,40,NULL
100,ALUMINUM,FLUSH GLAZE,47,30,,5,228,110,NULL
45,,,32,57,VINYL BEADS,9,228,25,NULL
30,,,30,48,SCREW BEADS,1,62,50,NULL
28,VINYL,SLIDER,32,52,VINYL BEADS,9,118,65,NULL
19,,,26,60,WRAP AROUND FRAME,9,6,30,NULL
30,,,23,58,SNAP BEADS,13,90,145,NULL
61,VINYL,FIXED,43,27,SNAP BEADS,13,90,75,NULL
22,,,30,33,VINYL BEADS,9,228,30,NULL
26,,,31,52,VINYL BEADS,9,228,30,NULL
48,,FIXED,32,32,WRAP AROUND FRAME,9,211,45,NULL
36,ALUMINUM,FLUSH GLAZE,66,5,,2,211,35,NULL
20,,BOTTOM SH,27,40,,1,62,40,NULL
19,VINYL,FIXED,51,60,SNAP BEADS,9,62,70,NULL
43,,SLIDER,27,33,VINYL BEADS,10,6,55,NULL
40,VINYL,FIXED,31,41,SNAP BEADS,9,90,35,NULL
55,VINYL,SLIDER,27,32,SNAP BEADS,9,90,35,NULL
52,VINYL,FIXED,45,23,VINYL BEADS,9,228,45,NULL
33,,BOTTOM SH,31,9,SNAP BEADS,9,90,50,NULL
99,ALUMINUM,,38,32,SNAP BEADS,5,211,50,NULL
73,,SLIDER,33,4,VINYL BEADS,1,118,105,NULL
42,,FIXED,27,26,,2,62,95,NULL
103,,LUG SASH,54,17,,2,6,55,NULL
16,,,24,28,PUTTY,1,118,50,NULL
110,ALUMINUM,CURTAINWALL,37,108,PRESSURE PLATE,2,6,130,NULL
92,ALUMINUM,FLUSH GLAZE,20,2,,1,6,60,NULL
15,ALUMINUM,,46,6,SNAP BEADS,1,6,35,NULL
31,,BOTTOM SH,24,29,WRAP AROUND RUBBER,1,90,35,NULL
25,,,41,3,,6,6,65,NULL
54,,,20,30,VINYL BEADS,9,228,45,NULL
